EAN;Título;Autor;Editorial;Stk. Total;Stock eur;PVP
9788466677929;TODO LO QUE HAY DETRÁS QUE NO SE VE: UN ENSAYO SOBRE LO QUE OCULTAN LAS REDES SO CIALES Y LOS INFLUENCERS / EVERYTHING THAT'S BEHIND THAT YOU CAN'T SEE;@SALSEOLOGIA;B;1;21,90;21,90
9788448865184;DRAGON DE LAS LETRAS 3, EL. UN DUENDE;210;BEASCOA;1;7,95;7,95
9789200041297;LA FAZ DEL OLVIDO;A. GRATIUS;LAURA TEDESCO;6;83,70;13,95
9788417266967;OTRA FIGURA DEL AGUA,LA;AA.VV;EDITORIAL RENACIMIENTO;1;17,90;17,90
9788416981182;MEXICO 1915-1920 UNA LITERATURA EN LA ENCRUCIJADA;AA.VV;EDITORIAL RENACIMIENTO;1;25,90;25,90
9788418387333;FORMAS DE LA REBELDIA EN LA LITERATURA HISPANICA;AA.VV;EDITORIAL RENACIMIENTO;1;19,90;19,90
9788419231581;EXILIO TEATRAL REPUBLICANO DE 1939 EN ARGENTINA, C;AA.VV;EDITORIAL RENACIMIENTO;1;34,90;34,90
9788415917069;LESA HUMANIDAD;AA.VV;KATZ BARPAL EDITORES SL;1;19,00;19,00
9788411780674;SINSOMBRERO Y UN NUEVO 27, LAS;AA.VV.;ALBA EDITORIAL;2;48,00;24,00
9788437640792;DE QUÉ HABLAMOS VIOLACIÓ;ABDULALI, SOHAILA;EDICIONES CÁTEDRA;1;19,95;19,95
9788075210418;AVENTURAS Y DESVENTURAS DEL SEÑOR MOSTAZA;ABEL FERNÁNDEZ-LARREA;FRA;5;64,50;12,90
9788411486330;EL ÚLTIMO ARGUMENTO DE L;ABERCROMBIE, JOE;ALIANZA EDITORIAL;1;14,90;14,90
9788411487061;LA SABIDURÍA DE LAS MULT;ABERCROMBIE, JOE;ALIANZA EDITORIAL;1;14,90;14,90
9788411487115;LA MEJOR VENGANZA;ABERCROMBIE, JOE;ALIANZA EDITORIAL;1;25,50;25,50
9788411489836;LOS DIABLOS;ABERCROMBIE, JOE;ALIANZA EDITORIAL;2;47,90;23,95
9788411071918;CÓMO CONOCÍ AL SEMBRADOR DE ÁRBOLES;ABILIO ESTÉVEZ;TUSQUETS EDITORES;1;19,90;19,90
9788483104873;TUYO ES EL REINO;ABILIO ESTÉVEZ;TUSQUETS EDITORES;2;19,90;9,95
9788483106464;MANUAL DE TENTACIONES;ABILIO ESTÉVEZ;TUSQUETS EDITORES;2;22,00;11,00
9788483109564;CEREMONIAS PARA ACTORES DESESPERADOS;ABILIO ESTÉVEZ;TUSQUETS EDITORES;2;20,00;10,00
9788490661758;ARCHIPIÉLAGOS;ABILIO ESTÉVEZ;TUSQUETS EDITORES;1;20,00;20,00
9798352567784;LA IMAGEN EN EL ESPEJO;ABILIO ESTÉVEZ;EDICIONES FURTIVAS;2;36,00;18,00
9788412902181;DEBAJO DE LA MESA;ABREU, JUAN;LADERA NORTE;2;45,80;22,90
9788410107625;HISTORIA DE UN MURO, LA;ABU SROUR, NASSER;GALAXIA GUTENBERG;1;21,50;21,50
9788437619958;FEMINISMO Y MODERNIDAD;ABU-LUGHOD, LILA;EDICIONES CÁTEDRA;1;30,95;30,95
9788491589983;LOS PUEBLOS SUMERGIDOS;ACEDO, PACO;ANAYA TOURING;1;24,95;24,95
9788417977757;LEJOS DE EGIPTO 5ªED;ACIMAN,ANDRE;LIBROS DEL ASTEROIDE;1;22,95;22,95
9780241501771;SHUTDOWN;ADAM TOOZE;LAURA TEDESCO;1;6,00;6,00
9788433961037;GUÍA DEL AUTOESTOPISTA GALÁCTICO - BDA;ADAMS, DOUGLAS;EDITORIAL ANAGRAMA;2;29,80;14,90
9788418128400;CLUB DE LECTURA PARA CORAZONES SOLITARIOS,EL;ADAMS,SARA NISHA;DUOMO EDICIONES;1;18,50;18,50
9788418945861;OTRAS AVES;ADDISON ALLEN, SARAH;CONTRALUZ EDITORIAL;2;45,00;22,50
9788410138223;LA LISTA;ADEGOKE, YOMI;ADN EDITORIAL GRUPO ANAYA;2;41,90;20,95
9788466360296;DIARIO DE LA GUERRA DEL CERDO / DIARY OF THE WAR OF THE PIG;ADOLFO BIOY CASARES;DEBOLSILLO;1;14,96;14,96
9788466360272;LA INVENCIÓN DE MOREL / THE INVENTION OF MOREL;ADOLFO BIOY CASARES;DEBOLSILLO;1;12,95;12,95
9788437603391;LA INVENCIÓN DE MOREL/ EL GRAN SERAFÍN;ADOLFO BIOY CASARES;TUSQUETS EDITORES;1;5,00;5,00
9788410317680;IRAS, LAS;ADÓN, PILAR;GALAXIA GUTENBERG;1;17,00;17,00
9788419964052;CACHETADA,LA;AGOSTINI,MICAELA;MENOSCUARTO EDICIONES;1;21,90;21,90
9788413628325;LA MENTE DE LA TRIBU;AGUADO, LUIS;ALIANZA EDITORIAL;1;19,95;19,95
9788412929324;QUE PLANCHE ROSA LUXEMBURGO;AGUIRRE BENITO, FRANCISCA;EDITORIAL CARPE NOCTEM;1;12,00;12,00
9788418818769;ROSARIO DE EROS,EL;AGUSTINI,DELMIRA;EDITORIAL RENACIMIENTO;1;13,90;13,90
9788413432410;SOÑAR CON DINOSAURIOS;AHLBERG, ALLAN;KALANDRAKA;1;16,00;16,00
9788417417581;LECHE CONDENSADA;AIDA GONZÁLEZ ROSSI;CABALLO DE TROYA;1;15,90;15,90
9788410414006;PLANTAS MAGICAS;AIRA, LUIS O.;EDITORIAL MELUSINA S.L;1;19,90;19,90
9788417348038;DICCIONARIO DE AUTORES LATINOAMERICANOS;AIRA,CESAR;TRES PUNTOS EDICIONES;1;42,00;42,00
9789871180776;YO ERA UNA CHICA MODERNA;AIRA,CESAR;INTERZONA;1;14,00;14,00
9788437612829;"REQUIEM; POEMA SIN HEROE";AJMÁTOVA, ANNA;EDICIONES CÁTEDRA;2;31,00;15,50
9788412198089;UNA FAMILIA EN BRUSELAS;AKERMAN, CHANTAL;EDITORIAL TRÁNSITO;2;29,80;14,90
9788437647630;MUJERES Y EJEMPLARIDAD E;ALABRÚS IGLESIAS, ROSA MARÍA;EDICIONES CÁTEDRA;1;22,50;22,50
9791387600266;SI EINSTEIN LO HUBIERA SABIDO;ALAIN ASPECT;DEBATE;1;24,90;24,90
9788419822680;EL REY DE BRONCE;ALANDES, JAVIER;CONTRALUZ EDITORIAL;2;43,90;21,95
9788437643328;POLÍTICA SEXUAL PORNOGRA;ALARIO, MÓNICA;EDICIONES CÁTEDRA;1;21,50;21,50
9788410138186;ANIMALITOS;ALBA MARTÍNEZ, LUCÍA;ADN EDITORIAL GRUPO ANAYA;2;35,90;17,95
9788419248930;CÓMO DEJAR DE SER TU PEOR ENEMIGO / HOW TO STOP BEING YOUR OWN WORST ENEMY;ALBA. CARDALDA;VERGARA;1;20,90;20,90
9788466388153;EL EXTRANJERO;ALBERT CAMUS;DEBOLSILLO;1;14,96;14,96
9788413627076;UNA BIOGRAFÍA DE LA SOLE;ALBERTI, FAY BOUND;ALIANZA EDITORIAL;2;47,90;23,95
9788490661925;PATRIA O MUERTE;ALBERTO BARRERA TYSZKA;TUSQUETS EDITORES;1;8,00;8,00
9788418690563;LOS SORIAS;ALBERTO LAISECA;EDITORIAL BARRETT;2;83,80;41,90
9788437647265;EL PROCESO AL LIBRO;ALBISSON, MATHILDE;EDICIONES CÁTEDRA;2;51,00;25,50
9788419791832;DOBLE FILO;ALBUJA BAYAS, MARIALUZ;EDITORIAL RENACIMIENTO;1;11,90;11,90
9788410332027;GRAN EPOCA, LA;ALCAZAR, PACO;ASTIBERRI EDICIONES;1;18,00;18,00
9788415934714;SIBERIA UN AÑO DESPUES;ALCIVAR BELLOLIO,DANIELA;CANDAYA,S.L;1;15,00;15,00
9788418504426;QUE FUE EL FUTURO, LO;ALCIVAR BELLOLIO,DANIELA;CANDAYA,S.L;1;17,00;17,00
9788466793155;MUJERCITAS;ALCOTT, LOUISA MAY;ANAYA ELE;2;27,00;13,50
9788469885581;MUJERCITAS;ALCOTT, LOUISA MAY;ANAYA INFANTIL Y JUVENIL;2;27,90;13,95
9788401422850;UN MUNDO FELIZ;ALDOUS HUXLEY;TUSQUETS EDITORES;1;4,00;4,00
9788466367677;UN MUNDO FELIZ;ALDOUS HUXLEY;DEBOLSILLO;3;44,88;14,96
9788498959239;PASOS INCIERTOS;ALEGRÍA, CLARIBEL;VISOR;2;28,00;14,00
9788426425485;DIARIOS;ALEJANDRA PIZARNIK;LUMEN;1;26,90;26,90
9788411002943;PATRIOTA;ALEKSEI NAVAL'NYI;EDICIONES PENÍNSULA;1;23,90;23,90
9788416011841;"EL FIN DEL ""HOMO SOVIETICUS""";ALEKSIÉVICH, SVETLANA;ACANTILADO;2;56,00;28,00
9788410346017;ANNIE LUMSDEN, LA NIÑA DEL MAR;"ALEMAGNA, BEATRICE;ALMOND,";DUOMO EDICIONES;1;14,90;14,90
9788417821784;LIDERAZGO / LEADING;"ALEX FERGUSON;MICHAEL";ROCABOLSILLO;1;10,95;10,95
9788420435503;PACIENTE SILENCIOSA, LA;ALEX MICHAELIDES;ALFAGUARA;1;21,90;21,90
9788410433335;LOS MUCHACHOS DE ZINC;ALEXIEVICH, SVETLANA;DEBATE;1;22,90;22,90
9788412573497;MASCARILLA Y TRÉBOL;ALFONSINA STORNI;TUSQUETS EDITORES;1;6,00;6,00
9798986510439;DIAGNÓSTICO INCIERTO;ALFREDO ALONSO ESTENOZ;ALFREDO ALONSO ESTENOZ;2;36,00;18,00
9798879149371;BARBEY DÁUREVILLY;ALFREDO TRIFF;EDITORIAL CASA VACÍA;9;108,00;12,00
9788419620163;LA PEQUEÑA TIENDA DE LOS CORAZONES FELICES;ALI MCNAMARA;NEWTON COMPTON EDITORES;1;12,90;12,90
9788411483247;LA MUJER DE PIEDRA;ALI, TARIQ;ALIANZA EDITORIAL;2;31,90;15,95
9788411484602;WINSTON CHURCHILL;ALI, TARIQ;ALIANZA EDITORIAL;1;27,90;27,90
9788423364466;LA MUJER FUGITIVA;ALICIA GIMENEZ BARTLETT;EDICIONES DESTINO;2;39,80;19,90
9788412492309;259 SALTOS, UNO INMORTAL;ALICIA KOZAMEH;BARBARIE EDITORA;1;15,90;15,90
9788401032004;EL VIENTO CONOCE MI NOMBRE;ALLENDE, ISABEL;PLAZA&JANES;1;22,90;22,90
9788419511379;PERLA, LA SÚPER PERRITA;ALLENDE, ISABEL;PENGUIN KIDS;1;17,95;17,95
9788419043436;PAELLA;ALLIBHOY,OMAR;CINCO TINTAS;1;24,95;24,95
9788490667798;LOS PACIENTES DEL DOCTOR GARCÍA;ALMUDENA GRANDES;TUSQUETS EDITORES;1;12,95;12,95
9788411071734;TODO VA A MEJORAR;ALMUDENA GRANDES;TUSQUETS EDITORES;1;21,90;21,90
9788411070553;LA MADRE DE FRANKENSTEIN;ALMUDENA GRANDES;TUSQUETS EDITORES;1;12,95;12,95
9788483103739;EL CORAZON HELADO;ALMUDENA GRANDES;TUSQUETS EDITORES;1;25,00;25,00
9788420688893;DISEÑO DE EXPOSICIONES;"ALONSO FERNÁNDEZ, LUIS;";ALIANZA EDITORIAL;2;47,90;23,95
9788414315415;LOS CUENTOS DE LOLA;ALONSO, ANA;ANAYA INFANTIL Y JUVENIL;1;16,95;16,95
9788475228198;EL CABALLO GRIEGO;ALTOLAGUIRRE, MANUEL;VISOR;2;32,00;16,00
9788416677955;CAIDOS,LOS;ALVAREZ RODRIGUEZ,CARLOS;EDITORIAL SEXTO PISO;1;15,90;15,90
9788413626901;MUERDEALMAS (ADN);ÁLVAREZ, SANTIAGO;ALIANZA EDITORIAL;1;18,95;18,95
9788418342288;FALSA GUERRA;ALVAREZ,CARLOS MANUEL;EDITORIAL SEXTO PISO;1;18,90;18,90
9789200041396;SANTANDER, 1936;ÁLVARO POMBO;LAURA TEDESCO;1;6,00;6,00
9788410060593;TEBANAS;ÁLVARO TATO;EDICIONES ANTÍGONA;1;16,50;16,50
9788437638515;NI PUTAS NI SUMISAS;AMARA, FADELA;EDICIONES CÁTEDRA;1;18,50;18,50
9788418504693;EN OTRO PAIS;"AMARO,LORENA;BADILLO,CARLA;C";CANDAYA,S.L;1;17,00;17,00
9788412070910;ANTOLOGIA DE POETAS LAUREADOS ESTADOUNIDENSES;AMBROGGIO,LUIS ALBERTO;VASO ROTO EDICIONES;1;24,00;24,00
9788437647777;TODO POR LA CORONA;AMESTOY, IGNACIO;EDICIONES CÁTEDRA;1;18,95;18,95
9788437615530;TIEMPO DE FEMINISMO;AMORÓS, CELIA;EDICIONES CÁTEDRA;2;43,90;21,95
9788483460016;NO DIGAS NOCHE;AMOS OZ;LAURA TEDESCO;1;6,00;6,00
9788425365133;LA CASA DE HUÉSPEDES;ANA LENA RIVERA;GRIJALBO;1;24,90;24,90
9788448864255;LA CASA DE LOS NÚMEROS;ANA PUNSET;BEASCOA;1;15,95;15,95
9788416495672;LOS TYRAKIS;ANA R. CAÑIL Y JOAQUÍN;TUSQUETS EDITORES;1;5,00;5,00
9788419555403;EL DISEÑO DE SENTIDO;ANALÍA CERVINI;EXPERIMENTA;19;475,00;25,00
9788419686701;UNA HISTORIA DE ALMAS GEMELAS;ANASHIN;DISTRITO MANGA;1;9,95;9,95
9788410183421;UN TRABAJO DE HOMBRES;ANDERSON, EDITH;SIRUELA;1;24,95;24,95
9788498388244;EL HOMENAJE;ANDREA CAMILLERI;TUSQUETS EDITORES;1;4,00;4,00
9788417417697;JARROA;"ANDREA FERNÁNDEZ PLATA;";CABALLO DE TROYA;1;15,90;15,90
9788410138308;CUIDAR DE ELLA;ANDREA, JEAN-BAPTISTE;ADN EDITORIAL GRUPO ANAYA;2;47,90;23,95
9788421683125;LAS JIRAFAS NO PUEDEN BA;ANDREAE, GILES;EDITORIAL BRUÑO;1;20,50;20,50
9789500752305;UNA OVEJA NEGRA AL PODER;ANDRÉS DANZA / ERNESTO;TUSQUETS EDITORES;1;7,00;7,00
9789876145541;EL OFICIO MÁS ANTIGUO DEL MUNDO;ANDRÉS MALAMUD;TUSQUETS EDITORES;1;5,00;5,00
9788490560983;RECOMPONER LA DEMOCRACIA;ANDRES ORTEGA;LAURA TEDESCO;1;6,00;6,00
9789505111381;LA REVOLUCIÓN ES UN SUEÑO ETERNO;ANDRÉS RIVERA;LAURA TEDESCO;1;4,00;4,00
9788423349449;LAS VIDAS DE MIGUEL DE CERVANTES;ANDRES TRAPIELLO;EDICIONES DESTINO;1;10,95;10,95
9788423355532;LAS ARMAS Y LAS LETRAS;ANDRES TRAPIELLO;EDICIONES DESTINO;1;35,00;35,00
9788423361885;MADRID 1945;ANDRES TRAPIELLO;EDICIONES DESTINO;1;23,90;23,90
9788490669785;MI FILOSOFIA DE A A B Y DE B A A;ANDY WARHOL;TUSQUETS EDITORES;1;10,95;10,95
9788087429501;EL VERANO EN QUE DIOS DORMÍA;ÁNGEL SANTIESTEBAN PRATS;FRA;1;12,90;12,90
9788419179876;ESTABA LA PAJARA PINTA SENTADA EN EL VERDE LIMON;ANGEL, ALBALUCIA;NAVONA EDITORIAL;1;25,00;25,00
9788412582000;LOS GIRASOLES EN INVIERNO;ÁNGEL, ALBALUCÍA;LAVA;2;39,80;19,90
9788448857295;¡QUE GANE EL MEJOR! (UNA CASA DE LOCOS. CÓMIC 7);"ANGELA ENTZMINGER;ANDREW";BEASCOA;1;13,95;13,95
9789507311338;MUJERES DE OJOS GRANDES;ANGELES MASTRETTA;LAURA TEDESCO;1;5,00;5,00
9788416544134;TÚ NO ERES COMO OTRAS MADRES;ANGELIKA SCHROBSDORFF;TUSQUETS EDITORES;1;7,00;7,00
9788432228322;EL CONSUELO;ANNA GAVALDA;TUSQUETS EDITORES;1;8,00;8,00
9788484415008;LATIDO;ANNA GODBERSEN;MONTENA;1;6,00;6,00
9788484416166;ENVIDIA;ANNA GODBERSEN;MONTENA;1;6,00;6,00
9788408135234;AFTER 2;ANNA TODD;TUSQUETS EDITORES;1;6,00;6,00
9788408133537;AFTER;ANNA TODD;TUSQUETS EDITORES;1;6,00;6,00
9788413431994;LOS VIAJES: JAPÓN;ANNO, MITSUMASA;KALANDRAKA;1;16,00;16,00
9788498956122;EL CANTAR DE LOS CANTARES;ANÓNIMO;VISOR;1;14,00;14,00
9788471666352;LA VIDA DE LAZARILLO DE TORMES;ANÓNIMO;LAURA TEDESCO;1;6,00;6,00
9781849540018;TRUST;ANTHONY SELDON;BITEBACK;1;5,00;5,00
9788418694820;ATILA DEL SUR,EL;ANTONA,SANTIAGO;VALPARAÍSO EDICIONES;1;12,00;12,00
9788495379184;ESPAÑA;ANTONIO DOMINGUEZ ORTIZ;LAURA TEDESCO;1;6,00;6,00
9788430595327;ANTONIO MACHADO PARA NIÑOS;"ANTONIO MACHADO;JOSÉ MORÁN";SUSAETA;1;15,95;15,95
9789200041402;TUS PASOS EN LA ESCALERA;ANTONIO MUÑOZ MOLINA;LAURA TEDESCO;1;6,00;6,00
9788492608881;LIMÓN;ANTONIO RUBIO Y ÓSCAR VILLÁN;KALANDRAKA;1;9,50;9,50
9788492608812;ÁRBOL;ANTONIO RUBIO Y ÓSCAR VILLÁN;KALANDRAKA;1;9,50;9,50
9788494504327;BORDERLANDS - LA FRONTERA 7ªED;ANZALDUA,GLORIA;CAPITÁN SWING LIBROS;1;20,00;20,00
9788418945915;COMPASES TIEMPO BOLSILLO;APARICIO VINSONNEAU, BIANCA;CONTRALUZ EDITORIAL;4;59,60;14,90
9788475220352;ANTOLOGÍA;APOLLINAIRE, GUILLAUME;VISOR;1;14,00;14,00
9788418504419;MUERTE FELIZ DE WILLIAM CARLOS WILLIAMS,LA;APONTE ALSINA,MARTA;CANDAYA,S.L;1;16,00;16,00
9781847921758;THE MYTH OF THE STRONG LEADER;ARCHIE BROWN;LAURA TEDESCO;1;5,00;5,00
9788418504587;NUEVAS EMERGENCIAS;"ARENAS SEPULVEDA ; BROWN";CANDAYA,S.L;1;18,00;18,00
9788418504464;Y ERAN UNA SOLA SOMBRA;ARENAS SEPULVEDA, ISABEL-;CANDAYA,S.L;1;17,00;17,00
9788419583482;NOSOTROS, REFUGIADOS;ARENDT, HANNAH;ALTAMAREA EDICIONES;2;23,80;11,90
9788491811114;SOBRE LA VIOLENCIA;ARENDT, HANNAH;ALIANZA EDITORIAL;1;11,95;11,95
9788413628097;DESOBEDIENCIA CIVIL;ARENDT, HANNAH;ALIANZA EDITORIAL;1;11,95;11,95
9788413628103;LA MENTIRA EN POLÍTICA;ARENDT, HANNAH;ALIANZA EDITORIAL;1;11,95;11,95
9788420647715;ORIGENES DEL TOTALITARIS;ARENDT, HANNAH;ALIANZA EDITORIAL;1;44,95;44,95
9788437626406;MASCULINIDADES EN TELA D;ARESTI, NEREA;EDICIONES CÁTEDRA;1;20,50;20,50
9788494733123;EL CRIADOR DE GORILAS;ARLT, ROBERTO;ENEIDA;1;12,50;12,50
9789873874178;TERRIBLE;ARLT,ROBERTO;INTERZONA;1;9,90;9,90
9788491048244;ENSAYO SOBRE LIBERTADES;ARON, RAYMOND;ALIANZA EDITORIAL;1;12,95;12,95
9788475220017;UNA TEMPORADA EN EL INFIERNO;ARTHUR RIMBAUD;VISOR;2;24,00;12,00
9788410299634;ISLA DE LA MUJER DORMIDA, LA;ARTURO PEREZ-REVERTE;ALFAGUARA;1;22,90;22,90
9788420462462;UN DÍA DE CÓLERA;ARTURO PÉREZ-REVERTE;ALFAGUARA;1;21,90;21,90
9788420462479;EL ASEDIO;ARTURO PÉREZ-REVERTE;ALFAGUARA;1;24,90;24,90
9788484506485;LA PIEL DEL TAMBOR;ARTURO PÉREZ-REVERTE;DEBOLSILLO;1;12,95;12,95
9788420479446;MISIÓN EN PARÍS;ARTURO PÉREZ-REVERTE;ALFAGUARA;1;21,90;21,90
9788420483535;LAS AVENTURAS DEL CAPITÁN ALATRISTE;ARTURO Y CARLOTA PÉREZ-;TUSQUETS EDITORES;1;8,00;8,00
9788491297222;LA PRIMERA MENTIRA GANA / FIRST LIE WIN;ASHLEY ELSTON;SUMA DE LETRAS;1;20,90;20,90
9788409688258;PALABRA EN ARCHIPIELAGO,LA;"ASIN,MANUEL;VAN DE STAAK,";COMISURA;1;22,00;22,00
9788498389494;LOS TESTAMENTOS;ATWOOD, MARGARET;SALAMANDRA;1;23,00;23,00
9788410138421;CATORCE DÍAS;"ATWOOD, MARGARET;PRESTON,";ADN EDITORIAL GRUPO ANAYA;2;43,90;21,95
9788420478906;EL HOMBRE SOLO;ATXAGA, BERNARDO;ALFAGUARA;1;17,90;17,90
9788418930485;ADULTOS 4ªED;AUBERT,MARIE;NÓRDICA LIBROS;1;19,50;19,50
9788430626953;MEDITACIONES;AURELIO, MARCO;TAURUS;1;22,90;22,90
9788420678405;EMMA;AUSTEN, JANE;ALIANZA EDITORIAL;2;27,90;13,95
9788410481060;EMMA;AUSTEN, JANE;LIBROS DE SEDA;3;66,75;22,25
9788491052777;PERSUASIÓN;AUSTEN, JANE;PENGUIN CLÁSICOS;1;12,95;12,95
9788433980762;MÚSICA DEL AZAR, LA;AUSTER, PAUL;EDITORIAL ANAGRAMA;1;20,90;20,90
9788433980779;LEVIATÁN;AUSTER, PAUL;EDITORIAL ANAGRAMA;1;21,90;21,90
9788410138520;MEJOR CERCA DEL AGUA;BABOT, PAULA;ADN EDITORIAL GRUPO ANAYA;2;39,90;19,95
9788437630083;FEMINISMO EN EL ISLAM;BADRAN, MARGOT;EDICIONES CÁTEDRA;1;28,50;28,50
9788419475701;COMO HACER CARAMELOS MAGICOS;BAEK, HEENA;EDITORIAL KÓKINOS;1;12,00;12,00
9788417742669;CARAMELOS MAGICOS;BAEK, HEENA;EDITORIAL KÓKINOS;1;16,00;16,00
9788437642451;LOS LIBROS DE LA GUERRA;"BAHAMONDE, ÁNGEL;RUIZ";EDICIONES CÁTEDRA;2;35,00;17,50
9788417932893;JOSE ELIAS. BILLIONAIRE 2ED;BAILON, VALEN;VANIR EDITORIAL;1;20,90;20,90
9788448856960;PEPPA PIG: VAMOS A JUAGAR SIN PANTALLAS CON PEPPA;"BAKER, MARK; ASTLEY, NEVILLE";ALTEA;1;9,95;9,95
9788417417444;BORRACHA MENOR;BALBUENA, SOFÍA;CABALLO DE TROYA;1;15,90;15,90
9781948517928;ANATOMÍA DE LOS REGÍMENES POSTCOMUNISTAS;BÁLINT MAGYAR Y BÁLINT;HYPERMEDIA EDICIONES;2;60,00;30,00
9788433927460;VOLUMEN DEL TIEMPO I, EL;BALLE, SOLVEJ;EDITORIAL ANAGRAMA;1;19,90;19,90
9788441548688;LEYENDAS FÚTBOL/ED.2024;BALLHEIMER, DAVID;ANAYA MULTIMEDIA;1;17,95;17,95
9788410138001;DONDE SE QUEMAN LOS HOMB;BALMASEDA, CARMEN CLARA;ADN EDITORIAL GRUPO ANAYA;1;21,50;21,50
9788439743941;OCASO Y FASCINACIÓN;BALTASAR, EVA;RANDOM HOUSE;1;18,90;18,90
9788439735441;MAMUT;BALTASAR, EVA;RANDOM HOUSE;1;17,90;17,90
9788420478791;ANTIGUA LUZ;BANVILLE, JOHN;ALFAGUARA;1;17,90;17,90
9788499929743;UNA TIERRA PROMETIDA;BARACK OBAMA;TUSQUETS EDITORES;1;12,00;12,00
9788484728139;ROSAS NEGRAS;BARBA-JACOB,PORFIRIO;EDITORIAL RENACIMIENTO;1;12,00;12,00
9788419378323;AMANDA BLACK 9 - EL CAMINO DEL NINJA;"BÁRBARA ;MONTES";B DE BLOK;2;31,90;15,95
9788418054327;AMANDA BLACK 2 - EL AMULETO PERDIDO;"BÁRBARA ;MONTES";B DE BLOK;1;15,95;15,95
9788418688270;AMANDA BLACK 4 - LA CAMPANA DE JADE;"BÁRBARA ;MONTES";B DE BLOK;2;31,90;15,95
9788418688287;AMANDA BLACK 5 - EL TAÑIDO SEPULCRAL;"BÁRBARA ;MONTES";B DE BLOK;2;31,90;15,95
9788418688355;AMANDA BLACK 6 - LA MALDICIÓN DEL NILO;"BÁRBARA ;MONTES";B DE BLOK;2;31,90;15,95
9788419048172;AMANDA BLACK - ESCAPE BOOK: EL SECRETO DE LA MANSI;"BÁRBARA ;MONTES";B DE BLOK;1;13,95;13,95
9788419910547;AMANDA BLACK 10 - LA PELÍCULA MALDITA;"BÁRBARA ;MONTES";B DE BLOK;2;31,90;15,95
9788419910509;AMANDA BLACK 11 - EL TEMPLO OLVIDADO;"BÁRBARA ;MONTES";B DE BLOK;2;31,90;15,95
9788419048677;AMANDA BLACK 7 - EL BASTÓN DEL CUERVO;"BÁRBARA ;MONTES;JUAN;MONTES";B DE BLOK;2;31,90;15,95
9788401037689;YO BARBARA;BÁRBARA REY;PLAZA&JANES;1;23,90;23,90
9788412661828;LAS INCONSTANTES;BARBARELLA D´ACEVEDO ED.;HURÓN AZUL;2;32,00;16,00
9788418359675;SEIS DE CUERVOS - RTC 19ªED;BARDUGO,LEIGH;EDITORIAL HIDRA;1;19,50;19,50
9788494591655;EUROPA;BARGELD, BLIXA;HURTADO Y ORTEGA EDITORES;2;28,00;14,00
9788418733093;EL SETO DE LAS ZARZAS. ¡MONTAÑA ARRIBA!;BARKLEM, JILL;BLACKIE BOOKS;1;12,90;12,90
9788418733406;EL SETO DE LAS ZARZAS. LA ESCALERA SECRETA;BARKLEM, JILL;BLACKIE BOOKS;1;12,90;12,90
9788418733666;EL SETO DE LAS ZARZAS. LA GRAN SORPRESA;BARKLEM, JILL;BLACKIE BOOKS;2;25,80;12,90
9788418733642;EL SETO DE LAS ZARZAS. CUENTO DE MAR;BARKLEM, JILL;BLACKIE BOOKS;2;25,80;12,90
9788433927170;LORO DE FLAUBERT, EL - CM;BARNES, JULIAN;EDITORIAL ANAGRAMA;2;25,80;12,90
9788433948915;DESPEDIDAS;BARNES, JULIAN;EDITORIAL ANAGRAMA;2;39,80;19,90
9788420609171;EMPATÍA CERO;BARON-COHEN, SIMON;ALIANZA EDITORIAL;1;23,95;23,95
9788412852752;RITUALES PARA LA AMISTAD;"BARRERA, JAZMINA; LICEAGA,";ALMADIA ALJOSAN S.R.L.U.;1;12,00;12,00
9788414336892;PETER PAN;BARRIE, J. M.;ANAYA INFANTIL Y JUVENIL;2;27,90;13,95
9788469847152;PETER PAN;BARRIE, JAMES MATTHEW;ANAYA INFANTIL Y JUVENIL;1;9,95;9,95
9788412582086;EL HORIZONTE DEL GRITO;BARRIENTOS, MAXIMILIANO;LAVA;1;21,90;21,90
9788416291045;DESAPARICION DEL PAISAJE,LA;BARRIENTOS,MAXIMILIANO;PERIFÉRICA;1;18,75;18,75
9788492865338;FOTOS TUYAS CUANDO EMPIEZAS A ENVEJECER;BARRIENTOS,MAXIMILIANO;PERIFÉRICA;1;16,50;16,50
9788491810230;DÍAS SIN FINAL (ADN);BARRY, SEBASTIAN;ALIANZA EDITORIAL;1;17,95;17,95
9788418504389;NO ERA A ESTO A LO QUE VENIAMOS 4ªED;BASTAROS, MARIA;CANDAYA,S.L;1;17,00;17,00
9788469847985;EL MAGO DE OZ;BAUM, L. FRANK;ANAYA INFANTIL Y JUVENIL;2;27,90;13,95
9788410206359;MARAVILLOSO MAGO DE OZ, EL;BAUM, L. FRANK;EDITORIAL ALMA;1;15,95;15,95
9788419119667;TRIBU VERTICAL,LA;BAUZA, BORJA;LIBROS DEL K.O;1;23,90;23,90
9788420647685;AFRONTANDO LA VIDA, ESPE;BAYÉS, RAMÓN;ALIANZA EDITORIAL;1;21,95;21,95
9788420433424;CADÁVER EXQUISITO;BAZTERRICA, AGUSTINA;ALFAGUARA;1;19,90;19,90
9780745637891;A SEASON IN MECCA;BDELLAH HAMMOUDI;TUSQUETS EDITORES;1;8,00;8,00
9788418217814;GRIEGOS, LOS;BEATON, RODERICK;ATICO DE LOS LIBROS;1;29,95;29,95
9789500735049;LA AUDACIA Y EL CÁLCULO;BEATRIZ SARLO;TUSQUETS EDITORES;1;5,00;5,00
9788408295860;FUEGO EN LA GARGANTA FINALISTA PREMIO PLANETA 2024;BEATRIZ SERRANO;TUSQUETS EDITORES;1;21,90;21,90
9788419535078;EL REYEZUELO;BEAUCHEMIN, JEAN-FRANCOIS;IRRADIADOR;1;19,00;19,00
9788437637365;EL SEGUNDO SEXO;BEAUVOIR, SIMONE DE;EDICIONES CÁTEDRA;1;31,95;31,95
9788415934226;ESPECTACULO DEL TIEMPO,EL;BECERRA,JUAN JOSE;CANDAYA,S.L;1;20,00;20,00
9788415934554;ARTISTA MAS GRANDE DEL MUNDO,EL;BECERRA,JUAN JOSE;CANDAYA,S.L;1;17,00;17,00
9788493890322;INTERPRETACION DE UN LIBRO,LA;BECERRA,JUAN JOSE;CANDAYA,S.L;1;14,00;14,00
9788412447927;SPAIN;BEILIN, CAREN;LOS TRES EDITORES;1;17,90;17,90
9786078619412;PALACIO, EL;BELLATIN, MARIO;EDITORIAL SEXTO PISO;1;15,90;15,90
9788415601227;GALLINAS DE MADERA;BELLATIN,MARIO;EDITORIAL SEXTO PISO;1;16,00;16,00
9789871920730;PERROS HEROES 2ªED;BELLATIN,MARIO;INTERZONA;1;11,00;11,00
9788415851400;PASOS DE BAILE;BELLESSI,DIANA;ADRIANA HIDALGO EDITORA;1;12,00;12,00
9788475227191;FUEGO SOY, APARTADO Y ESPADA PUESTA LEJOS;BELLI, GIOCONDA;VISOR;2;20,00;10,00
9788475225111;MI ÍNTIMA MULTITUD;BELLI, GIOCONDA;VISOR;2;20,00;10,00
9788475223865;APOGEO;BELLI, GIOCONDA;VISOR;2;24,00;12,00
9788475226934;EL OJO DE LA MUJER;BELLI, GIOCONDA;VISOR;1;14,00;14,00
9788498955125;TODA LA POESÍA;BELLI, GIOCONDA;VISOR;1;34,00;34,00
9788498958454;EN LA AVANZADA JUVENTUD;BELLI, GIOCONDA;VISOR;2;20,00;10,00
9788419036896;EL MURMULLO DEL AGUA;BELMONTE, MARIA;ACANTILADO;2;36,00;18,00
9781846275876;CITY OF THORNS;BEN RAWLENCE;TUSQUETS EDITORES;1;6,00;6,00
9788466370554;TODAS ESAS COSAS QUE TE DIRÉ MAÑANA;BENAVENT, ELÍSABET;DEBOLSILLO;1;11,95;11,95
9788490626764;PRIMAVERA CON UNA ESQUINA ROTA;BENEDETTI, MARIO;DEBOLSILLO;1;11,95;11,95
9788490626696;QUIÉN DE NOSOTROS;BENEDETTI, MARIO;DEBOLSILLO;1;11,95;11,95
9788420431925;LA TREGUA;BENEDETTI, MARIO;ALFAGUARA;1;17,90;17,90
9788437645896;ENSAYO HISTÓR. VIOLENCIA;BENIGNO, FRANCESCO;EDICIONES CÁTEDRA;1;26,50;26,50
9788491053682;FORTUNATA Y JACINTA / FORTUNATA AND JACINTA;BENITO PEREZ GALDOS;PENGUIN CLÁSICOS;1;15,95;15,95
9788412498219;INSOMNIO;BENJAMIN, MARINA;CHAI;1;14,90;14,90
9788433922854;OBEDECEDARIO PATRIARCAL;"BERBEL SÁNCHEZ, SARA;CASTANY";EDITORIAL ANAGRAMA;1;14,90;14,90
9788419089441;DESPEDIDAS, LAS 4ªED;BERGARECHE, JACOBO;LIBROS DEL ASTEROIDE;1;18,95;18,95
9788417977627;DIAS PERFECTOS,LOS 7ªED;BERGARECHE,JACOBO;LIBROS DEL ASTEROIDE;2;37,90;18,95
9788415625605;COMPLOT MONGOL,EL 3ªED;BERNAL,RAFAEL;LIBROS DEL ASTEROIDE;1;16,95;16,95
9788496546677;OBABAKOAK;BERNARDO ATXAGA;DEBOLSILLO ZETA;1;6,00;6,00
9788437649382;MAESTROS ANTIGUOS;BERNHARD, THOMAS;EDICIONES CÁTEDRA;2;47,00;23,50
9788416287536;SINDROME DE PRAGA;BERTAZZA,JUAN PABLO;ADRIANA HIDALGO EDITORA;1;16,50;16,50
9788437632223;¡ABAJO LAS ARMAS!;BERTHA VON SUTTNER;EDICIONES CÁTEDRA;1;6,00;6,00
9788418668456;UN HIJO EXTRANJERO;BERTI,EDUARDO;IMPEDIMENTA;1;19,95;19,95
9788418481062;EL MAL OSCURO;BERTO, GIUSEPPE;ALTAMAREA EDICIONES;1;22,90;22,90
9789200041457;TEATRO;BERTOLT BRECHT;LAURA TEDESCO;1;5,00;5,00
9788419158635;HERMANAS INVIERNO, LAS;BERTRAND, JOLAN C.;ERRATA NATURAE EDITORES;1;20,50;20,50
9788410138506;CAMA ADENTRO;BIANCA, LETICIA;ADN EDITORIAL GRUPO ANAYA;2;35,90;17,95
9781398506077;FREEZING ORDER;BILL BROWDER;LAURA TEDESCO;1;5,00;5,00
9780552998055;MADE IN AMERICA;BILL BRYSON;LAURA TEDESCO;1;6,00;6,00
9780552996006;NOTES FROM A SMALL ISLAND;BILL BRYSON;LAURA TEDESCO;1;5,00;5,00
9780552997034;DOWN UNDER;BILL BRYSON;LAURA TEDESCO;1;5,00;5,00
9780767908184;A SHORT HISTORY OF NEARLY EVERYTHING;BILL BRYSON;LAURA TEDESCO;1;5,00;5,00
9788412582079;NEVADA;BINNIE, IMOGEN;LAVA;1;22,90;22,90
9788415934165;TAMBOR DE ARRANQUE;BITAR,FRANCISCO;CANDAYA,S.L;1;13,00;13,00
9789877900194;TRES MARCIANOS;BIZZIO,SERGIO;INTERZONA;1;14,00;14,00
9788469848593;ANIMALOTES: FOLLÓN INTER;BLABEY, AARON;ANAYA INFANTIL Y JUVENIL;2;29,80;14,90
9788469862513;ANIMALOTES 3 Y 4;BLABEY, AARON;ANAYA INFANTIL Y JUVENIL;1;14,90;14,90
9788469866221;ANIMALOTES DESMADRE;BLABEY, AARON;ANAYA INFANTIL Y JUVENIL;2;29,80;14,90
9788414335222;ANIMALOTES 13-14;BLABEY, AARON;ANAYA INFANTIL Y JUVENIL;2;29,80;14,90
9788469888858;ANIMALOTES 9 Y 10;BLABEY, AARON;ANAYA INFANTIL Y JUVENIL;2;29,80;14,90
9788469891452;ANIMAL11 Y 12: SEÑOR OSC;BLABEY, AARON;ANAYA INFANTIL Y JUVENIL;2;29,80;14,90
9788414336632;GATA A LA FUGA. LIBRO 1;BLABEY, AARON;ANAYA INFANTIL Y JUVENIL;1;14,50;14,50
9788414336656;GATA LA FUGA 2;BLABEY, AARON;ANAYA INFANTIL Y JUVENIL;2;29,00;14,50
9788414336809;ANIMALOTES 15 Y 16;BLABEY, AARON;ANAYA INFANTIL Y JUVENIL;2;29,80;14,90
9788417390624;REY MALVADO,EL 21ªED;BLACK,HOLLY;EDITORIAL HIDRA;1;19,00;19,00
9788475220871;MATRIMONIO DEL CIELO Y DEL INFIERNO;BLAKE, WILLIAM;VISOR;2;28,00;14,00
9788419834898;BRUJAS DE MANNINGTREE, LAS;BLAKEMORE, A.K.;DUOMO EDICIONES;1;21,80;21,80
9788417605087;ESTÁS BIEN CUANDO ERES TÚ;BLANCHOAK;NUBE DE TINTA;1;15,95;15,95
9788430989232;NACÍ SOBRE UNA ROTATIVA;BLANCO ALFONSO, IGNACIO;TECNOS;1;19,50;19,50
9788483933633;VENECOS;BLANCO CALDERÓN, RODRIGO;PÁGINAS DE ESPUMA SL;1;17,00;17,00
9788420419459;THE NIGHT;"BLANCO CALDERON, RODRIGO;";ALFAGUARA;2;37,80;18,90
9788498955750;EL OJO DEL GRILLO;BLANDIANA, ANA;VISOR;2;28,00;14,00
9788498955132;EL SUEÑO DENTRO DEL SUEÑO Y OTROS POEMAS;BLANDIANA, ANA;VISOR;1;16,00;16,00
9788498954418;PRIMERA PERSONA DEL PLURAL / EL TALÓN VULNERABLE;BLANDIANA, ANA;VISOR;2;28,00;14,00
9788498954333;VARIACIONES SOBRE UN TEMA DADO;BLANDIANA, ANA;VISOR;1;14,00;14,00
9788413432366;YA CALLÓ LA LLUVIA;BOISHA, LIMAM;KALANDRAKA;1;15,00;15,00
9788410080324;UNA ESCAPADA EN FAMILIA;BOLAND, SHALINI;NEWTON COMPTON EDITORES;1;12,90;12,90
9788466337120;2666;BOLAÑO, ROBERTO;DEBOLSILLO;1;14,96;14,96
9788420423937;LOS DETECTIVES SALVAJES;BOLAÑO, ROBERTO;ALFAGUARA;1;24,90;24,90
9788420423920;2666;BOLAÑO, ROBERTO;ALFAGUARA;1;32,90;32,90
9788412974744;FANÁTICOS DE BORGES;BONELLS RODRÍGUEZ, JORGE;EDICIONES DEL SUBSUELO;1;17,00;17,00
9788410178601;SUEÑO DEL JAGUAR, EL 2ªED;BONNEFOY, MIGUEL;LIBROS DEL ASTEROIDE;1;20,95;20,95
9788498957921;EXPLICACIONES NO PEDIDAS;BONNETT, PIEDAD;VISOR;2;24,00;12,00
9788420414980;LO QUE NO TIENE NOMBRE;BONNETT, PIEDAD;ALFAGUARA;1;18,90;18,90
9788420461342;QUÉ HACER CON ESTOS PEDAZOS;BONNETT, PIEDAD;ALFAGUARA;1;18,90;18,90
9788412110357;ENJAMBRES;BORGES, EDGAR;ALTAMAREA EDICIONES;1;16,90;16,90
9788499894423;INFORME DE BRODIE, EL;"BORGES,JORGE LUIS;JORGE LUIS";DEBOLSILLO;1;10,95;10,95
9788499089546;INQUISICIONES | OTRAS INQUISICIONES;"BORGES,JORGE LUIS;JORGE LUIS";DEBOLSILLO;1;11,95;11,95
9788491818151;POLICÍA (ADN);BORIS, HUGO;ALIANZA EDITORIAL;1;16,95;16,95
9788419822024;EL ÚLTIMO GIRO;BOUTELLIER, PAOLA;CONTRALUZ EDITORIAL;1;19,95;19,95
9788410171039;ANTONIO;BRACHER, BEATRIZ;PERIFÉRICA;4;78,00;19,50
9788415709794;ULTIMOS FRIKIS DEL MUNDO,LOS 12ªED;BRALLIER,MAX;EDITORIAL HIDRA;1;14,96;14,96
9788413146591;JURAMENTADA (EL ARCHIVO DE LAS TORMENTAS 3) (EDIC;BRANDON SANDERSON;B DE BOLSILLO;1;16,95;16,95
9788418945823;SIN FILTROS;BRAVO, PALOMA;CONTRALUZ EDITORIAL;2;45,00;22,50
9788418694776;PLEGARIA;BRAVO,LIANA;VALPARAÍSO EDICIONES;1;12,00;12,00
9788413625669;LA MEDIDA. SANTA JUANA D;BRECHT, BERTOLT;ALIANZA EDITORIAL;1;12,95;12,95
9788413625676;LA MADRE. CABEZAS REDOND;BRECHT, BERTOLT;ALIANZA EDITORIAL;1;12,95;12,95
9788491817086;PIEZAS EN UN ACTO;BRECHT, BERTOLT;ALIANZA EDITORIAL;1;12,95;12,95
9788491812166;HISTORIAS DE ALMANAQUE;BRECHT, BERTOLT;ALIANZA EDITORIAL;1;11,95;11,95
9788491812937;UN BAÑO DE BOSQUE;BRISBARE, ÉRIC;ALIANZA EDITORIAL;1;18,95;18,95
9788410415188;POEMAS ESCOGIDOS 1962-1996;BRODSKY, JOSEPH;SIRUELA;1;22,95;22,95
9788491053248;RELIGIÓN DE UN MÉDICO, LA - EL ENTERRAMIENTO EN UR;BROWNE, SIR THOMAS;PENGUIN CLÁSICOS;1;10,95;10,95
9781610390446;THE DICTATOR'S HANDBOOK;BRUCE BUENO DE MESQUITA AND;LAURA TEDESCO;1;5,00;5,00
9780749922849;WALKING THE BIBLE;BRUCE FEILER;JUDY PIATKUS;1;8,00;8,00
9788419036766;LA INVENCIÓN DEL NORTE;BRUNNER, BERND;ACANTILADO;2;40,00;20,00
9788412000030;EQUILÁTERA;BRUNO GALINDO;ESTO NO ES BERLÍN EDICIONES;1;18,00;18,00
9788411325608;UNA MUY BREVE HISTORIA DE CASI TODO;BRYSON, BILL;RBA;2;49,80;24,90
9780241702741;1000 PALABRAS ESCUELA;BUDGELL, GILL;DK;1;15,90;15,90
9788410138148;AMAZONA;BUENO, NURIA;ADN EDITORIAL GRUPO ANAYA;1;21,50;21,50
9788419234469;CARTA, LA;BUNBURY, ENRIQUE;LIBURUAK;1;25,00;25,00
9788414338056;SUPERMAMÁS;BUNTING, PHILIP;ANAYA INFANTIL Y JUVENIL;1;13,50;13,50
9788414340516;SUPERBEBÉS;BUNTING, PHILIP;ANAYA INFANTIL Y JUVENIL;2;27,00;13,50
9788493124304;ESCRITOS DE LUIS BUÑUEL;BUÑUEL, LUIS;PÁGINAS DE ESPUMA SL;1;16,00;16,00
9788412850154;CINCO CRÓNICAS AMERICANAS;BURÓN, MANUEL;LADERA NORTE;2;39,80;19,90
9788437640563;EL NACIONALCATOLICISMO.;BURRIEZA SÁNCHEZ, JAVIER;EDICIONES CÁTEDRA;1;20,50;20,50
9788419943156;INTERZONA;BURROUGHS, WILLIAM S.;LIBROS DE LA RESISTENCIA;1;16,00;16,00
9788417918385;GEMMA - CAT 2ªED;BUSQUETS I TUSQUETS,MILENA;ÀMSTERDAM;1;16,90;16,90
9788433999573;PALABRAS JUSTAS, LAS;BUSQUETS, MILENA;EDITORIAL ANAGRAMA;1;35,80;35,80
9788433929563;TAMBIEN ESTO PASARA;BUSQUETS, MILENA;EDITORIAL ANAGRAMA;1;16,90;16,90
9788437626833;MECANISMOS PSÍQUICOS DEL;BUTLER, JUDITH;EDICIONES CÁTEDRA;1;20,95;20,95
9788417977993;BUENA SUERTE 2ªED;BUTLER,NICKOLAS;LIBROS DEL ASTEROIDE;1;22,95;22,95
9788441546813;COCINA CON CARMEN;BUTRÓN, CARMEN;ANAYA MULTIMEDIA;1;20,95;20,95
9788410073173;HICE UNA FIESTA Y AHORA QUIERO ECHARLOS;"BYK, KAREN;";VALPARAÍSO EDICIONES;1;12,00;12,00
9788498955767;EL CIELO Y LA TIERRA;BYRON, LORD;VISOR;1;18,00;18,00
9788418782459;ULTIMA FRASE, LA 2ªED;CA¥EQUE, CAMILA;EDICIONES LA UÑA ROTA;1;15,00;15,00
9788437631301;EL FEMINISMO EN ESPAÑA;CABALLÉ, ANNA;EDICIONES CÁTEDRA;1;17,50;17,50
9788423345892;YO CONFIESO;CABRE,JAUME;EDICIONES DESTINO;2;29,00;14,50
9788423327980;VOCES DEL PAMANO,LAS;CABRE,JAUME;EDICIONES DESTINO;1;11,95;11,95
9788420451466;TRES TRISTES TIGRES;CABRERA INFANTE, GUILLERMO;ALFAGUARA;1;20,90;20,90
9788478399550;EPISTOLARIO CARMEN CONDE LYDIA CABRERA (1974-1989);"CABRERA,LYDIA;CONDE,CARMEN";EDICIONES TORREMOZAS;1;18,50;18,50
9788412401059;DISIMETRIA,LA;CAILLOIS,ROGER;WUNDERKAMMER;1;19,90;19,90
9788433928818;LIBRO DE TODOS LOS LIBROS, EL;CALASSO, ROBERTO;EDITORIAL ANAGRAMA;1;23,90;23,90
9788433979636;ARDOR, EL;CALASSO, ROBERTO;EDITORIAL ANAGRAMA;2;59,80;29,90
9788494181573;POETICAS MEXICANAS;"CALDERON ; CALDERON";VALPARAÍSO EDICIONES;1;15,00;15,00
9788419347916;SIN VENTURA JUAN DE YUSTE,EL;CALDERON, ALI;VALPARAÍSO EDICIONES;1;12,00;12,00
9788494103681;EN AGUA RAPIDA;CALDERON,ALI;VALPARAÍSO EDICIONES;1;10,00;10,00
9789871156894;POESIA REUNIDA;CALVEYRA,ARNALDO;ADRIANA HIDALGO EDITORA;1;23,00;23,00
9788437644141;EL HUMOR Y SU SENTIDO;CALVO MATURANA, ANTONIO;EDICIONES CÁTEDRA;1;22,95;22,95
9788490668061;LAS MALAS;CAMILA SOSA VILLADA;TUSQUETS EDITORES;1;18,00;18,00
9798242919105;LOS MUDOS DE LA MONTAÑA;CAMILO VENEGAS;LIBROS DEL FOGONERO;2;30,00;15,00
9788415934301;PAJARO DE NUNCA VOLVER;CAMPA¥A,MARIO;CANDAYA,S.L;1;11,00;11,00
9788413615417;VALENTINA. LA FIESTA PIRATA;CAMPELLO, GIUDITTA;SHACKLETON BOOKS;2;25,80;12,90
9788413616117;VALENTINA. UN FANTASMA EN EL CASTILLO;CAMPELLO, GIUDITTA;SHACKLETON BOOKS;2;25,80;12,90
9788410073203;TIRO DE GRACIA;CAMPOS,MARCO ANTONIO;VALPARAÍSO EDICIONES;1;15,00;15,00
9788418481345;REBELIÓN EN ASTURIAS;CAMUS, ALBERT;ALTAMAREA EDICIONES;1;11,90;11,90
9788420669601;CONTRAPOSICIONES;CANDELA, IRIA;ALIANZA EDITORIAL;2;45,00;22,50
9788410415607;LA BIBLIOTECA DESAPARECIDA;CANFORA, LUCIANO;SIRUELA;2;39,90;19,95
9788413625829;SANTIAGO RAMÓN Y CAJAL;CÁNOVAS SÁNCHEZ, FRANCISCO;ALIANZA EDITORIAL;2;56,90;28,45
9788412862652;AUTOBIOGRAFÍA AUTORIZADA;CANYELLES, NEUS;EDITORIAL TRÁNSITO;2;34,00;17,00
9788433928184;A SANGRE FRÍA - BTC;CAPOTE, TRUMAN;EDITORIAL ANAGRAMA;1;14,90;14,90
9788433977250;CUENTOS COMPLETOS T. CAPOTE - CM;CAPOTE, TRUMAN;EDITORIAL ANAGRAMA;2;14,90;7,45
9788418945731;NOMBRE TONTOS 13/20;CARBONELL, PABLO;CONTRALUZ EDITORIAL;1;11,95;11,95
9788475221076;EL ESTRECHO DUDOSO;CARDENAL, ERNESTO;VISOR;2;24,00;12,00
9788420643892;ANTOLOGÍA DE POESÍA PRIM;CARDENAL, ERNESTO;ALIANZA EDITORIAL;2;35,00;17,50
9789873874949;VERSOS DEL PLURIVERSO;CARDENAL,ERNESTO;INTERZONA;1;9,90;9,90
9788415168409;TATA VASCO;CARDENAL,ERNESTO;VASO ROTO EDICIONES;1;12,00;12,00
9788417517526;ELASTICO DE SOMBRA;CARDENAS,JUAN;EDITORIAL SEXTO PISO;1;15,90;15,90
9788416291076;ORNAMENTO;CARDENAS,JUAN;PERIFÉRICA;1;17,75;17,75
9788416291540;DIABLO DE LAS PROVINCIAS,EL 2ªED;CARDENAS,JUAN;PERIFÉRICA;1;16,75;16,75
9788416291557;ZUMBIDO;CARDENAS,JUAN;PERIFÉRICA;1;15,75;15,75
9788492865727;ESTRATOS,LOS 3ªED;CARDENAS,JUAN;PERIFÉRICA;1;18,00;18,00
9788417742416;LA PEQUEÑA ORUGA GLOTONA TUS 100 PRIMERAS PALABRAS;CARLE, ERIC;EDITORIAL KÓKINOS;1;15,00;15,00
9788492663040;CUATRO HERMANAS 7ªED;CARLETON,JETTA;LIBROS DEL ASTEROIDE;2;21,95;10,97
9788419521736;PELUQUERA Y PROUST,LA;CARLIER, STEPHANE;DUOMO EDICIONES;1;18,00;18,00
9781006694745;ARCHIVO Y TERROR;CARLOS A. AGUILERA;EDITORIAL CASA VACÍA;1;25,00;25,00
9798210126122;DISCURSO DE LA MADRE MUERTA;CARLOS A. AGUILERA;EDITORIAL CASA VACÍA;1;14,00;14,00
9788494833199;CLAUSEWITZ Y YO;CARLOS A. AGUILERA;ESTO NO ES BERLÍN EDICIONES;2;28,00;14,00
9798302243720;PAPIER MACHÉ;CARLOS CELDRÁN;EDICIONES FURTIVAS;5;75,00;15,00
9781948517768;SÓRDIDA TROPICAL;CARLOS D. LECHUGA;HYPERMEDIA EDICIONES;3;36,00;12,00
9788420473352;CUENTOS SOBRENATURALES;CARLOS FUENTES;ALFAGUARA;1;17,90;17,90
9788420473345;CUENTOS NATURALES;CARLOS FUENTES;ALFAGUARA;1;17,90;17,90
9788420481531;DIANA, O, LA CAZADORA SOLITARIA;CARLOS FUENTES;ALFAGUARA;1;18,90;18,90
9789876281751;LA AVENTURA DE LOS BUSTOS DE EVA;CARLOS GAMERRO;EDHASA;1;7,00;7,00
9781469956817;EL ETERNO EXTRANJERO;CARLOS MANRESA;HOMAGNO;7;70,00;10,00
9798714849183;SIMBIONTES;CARLOS MANRESA GONZÁLEZ;HOMAGNO;4;40,00;10,00
9798353721567;EL ÁRBOL ROJO;CARLOS PINTADO;EDICIONES FURTIVAS;3;54,00;18,00
9781490522166;LAS ISLAS DE TU CUERPO;CARLOS SOTUYO;HOMAGNO;7;70,00;10,00
9788467075953;VENGANZA;CARME CHAPARRO;TUSQUETS EDITORES;1;22,90;22,90
9788412591729;DUELO SIN BRÚJULA;CARME LÓPEZ MERCADER;REINO DE REDONDA;1;12,00;12,00
9788408291268;EL CLAN (INSPECTORA ELENA BLANCO 5);CARMEN MOLA;TUSQUETS EDITORES;2;43,80;21,90
9788467078985;EL MISTERIOSO CASO DEL IMPOSTOR DEL TITANIC;CARMEN POSADAS;TUSQUETS EDITORES;2;23,90;11,95
9788412553970;MALESTAMOS 5ªED;"CARMONA, MARTA;PADILLA,";CAPITÁN SWING LIBROS;1;16,00;16,00
9788441543423;ARRIBA! EL RETO ERES TÚ;CARMONA, SARA;ANAYA MULTIMEDIA;1;17,95;17,95
9788418404153;MUSICA EN CUBA, LA;CARPENTIER, ALEJO;LIBROS DEL KULTRUM;1;21,00;21,00
9788433926463;REINO, EL - CM;CARRÈRE, EMMANUEL;EDITORIAL ANAGRAMA;2;31,80;15,90
9788433978554;LIMÓNOV;CARRÈRE, EMMANUEL;EDITORIAL ANAGRAMA;1;21,90;21,90
9788433922014;AMIGA DEL JAGUAR, LA - CM;CARRÈRE, EMMANUEL;EDITORIAL ANAGRAMA;2;27,80;13,90
9788494644290;MEMORIAS DE ABAJO 14ªED;CARRINGTON,LEONORA;EDICIONES ALPHA DECAY;1;14,90;14,90
9788412520538;MEJOR QUE FICCIÓN;CARRIÓN GÁLVEZ, JORGE;ALMADIA ALJOSAN S.R.L.U.;1;19,00;19,00
9788441546615;LA BIBLIA COCINA VEGANA;CARRIÓN MOÑIZ, GLORIA;ANAYA MULTIMEDIA;1;31,95;31,95
9788410107502;HUELLAS, LAS;CARRIÓN, JORGE;GALAXIA GUTENBERG;1;24,00;24,00
9788419213143;LA CAZA DEL TIBURIENTE;CARROLL, LEWIS;FAKTORÍA K DE LIBROS;1;14,00;14,00
9788415130307;NOSTALGIA 9ªED;CARTARESCU,MIRCEA;IMPEDIMENTA;2;49,90;24,95
9788412690033;TRANSPORTE A LA INFANCIA;CARTAS, FRIDA;ALMADIA ALJOSAN S.R.L.U.;1;19,76;19,76
9788418342950;JUGUETERIA MAGICA,LA - NE;CARTER, ANGELA;EDITORIAL SEXTO PISO;2;37,80;18,90
9788419261502;QUEMAR LAS NAVES - NUEVA EDICION;CARTER, ANGELA;EDITORIAL SEXTO PISO;1;24,90;24,90
9788417517878;NOCHES EN EL CIRCO;CARTER,ANGELA;EDITORIAL SEXTO PISO;1;24,90;24,90
9788433947833;DE QUÉ HABLAMOS CUANDO HABLAMOS DE AMOR;CARVER, RAYMOND;EDITORIAL ANAGRAMA;1;11,90;11,90
9788425364457;LA HECHICERA ASTUR;CASAÑAS, GLORIA V.;GRIJALBO;1;22,90;22,90
9791259575012;CHILL. CALMA RADICAL PARA ANSIOSOS MODERNOS;CASES, FERRAN;MAGAZZINI SALANI;1;16,90;16,90
9788439737674;LA METAMORFOSIS DEL SABUESO. ENSAYOS PERSONALES Y OTROS TEXTOS;CASTELLANOS MOYA, HORACIO;RANDOM HOUSE;1;18,90;18,90
9788411482752;TESTIMONIO. VIVIENDO HIS;CASTELLS, MANUEL;ALIANZA EDITORIAL;1;20,95;20,95
9788491299790;EL SUSURRO DEL FUEGO;CASTILLO, JAVIER;SUMA DE LETRAS;2;45,80;22,90
9788466350419;TODO LO QUE SUCEDIÓ CON MIRANDA HUFF;CASTILLO, JAVIER;DEBOLSILLO;1;10,95;10,95
9788466374637;EL CUCO DE CRISTAL;CASTILLO, JAVIER;DEBOLSILLO;1;11,95;11,95
9788466357098;LA CHICA DE NIEVE;CASTILLO, JAVIER;DEBOLSILLO;1;10,95;10,95
9788466359184;EL JUEGO DEL ALMA;CASTILLO, JAVIER;DEBOLSILLO;1;12,95;12,95
9788437633589;CANTARES GALLEGOS;CASTRO, ROSALÍA DE;EDICIONES CÁTEDRA;1;15,90;15,90
9788420472102;BIOGRAFÍA DE X;CATHERINE LACEY;ALFAGUARA;1;22,90;22,90
9788412480252;PIÑEN;CATRILEO, DANIELA;EDITORIAL LAS AFUERAS;2;29,92;14,96
9791387574543;COMADRONA, LA;CAU, BIBBIANA;DUOMO EDICIONES;1;19,90;19,90
9788419261762;FE ESPERANZA Y CARNICERIA;CAVE, NICK;EDITORIAL SEXTO PISO;2;47,80;23,90
9788410107557;PUEBLOS DE FRANCO, LOS;CAZORLA SÁNCHEZ, ANTONIO;GALAXIA GUTENBERG;1;21,00;21,00
9788410703537;DERECHOS DEL CONSUMIDOR EN LA ENCRUCIJADA DE LA INTELIGENCIA ARTIFICIAL: LA NECESARIA REFORMA DE LA DIRECTIVA DE PRODUCTOS DEFECTUOSOS;CECILIA CELESTE DANESI;EDITORIAL DYKINSON;1;28,00;28,00
9788437637891;LA COLMENA;CELA, CAMILO JOSÉ;EDICIONES CÁTEDRA;1;13,95;13,95
9788498958034;EL SILENCIO VASCO;CELAYA, GABRIEL;VISOR;2;16,00;8,00
9788437637242;SOLDADOS DE SALAMINA;CERCAS, JAVIER;EDICIONES CÁTEDRA;2;31,80;15,90
9788419583512;LA AVENTURA DE ESCRIBIR NOVELAS;CERCAS, JAVIER;ALTAMAREA EDICIONES;2;35,80;17,90
9788495359094;RELATOS REALES;CERCAS, JAVIER;ACANTILADO;1;14,00;14,00
9788419089236;14 DE ABRIL 6ªED;CERDA, PACO;LIBROS DEL ASTEROIDE;2;18,95;9,47
9788418945663;EL COCINERO;CEREZO, LUIS;CONTRALUZ EDITORIAL;2;45,00;22,50
9788420637303;ANTOLOG.POÉTICA(CERNUDA);CERNUDA, LUIS;ALIANZA EDITORIAL;2;25,90;12,95
9788466755047;DON QUIJOTE DE LA MANCHA;CERVANTES, MIGUEL DE;ANAYA ELE;1;13,95;13,95
9789493156234;LA CAPITAL DEL SOL;CÉSAR PÉREZ;BOKEH;5;100,00;20,00
9788418945724;SILENCIOS DE HUGO 13/20;CHACÓN, INMA;CONTRALUZ EDITORIAL;2;23,90;11,95
9788419822451;LOS OJOS DE BRUNA;CHACÓN, INMA;CONTRALUZ EDITORIAL;1;21,95;21,95
9788411483773;MUERTE SÚBITA;CHACÓN, ISIDORA;ALIANZA EDITORIAL;2;27,90;13,95
9788419964205;ASUNCION;CHAMORRO MEJIA, MONICA;MENOSCUARTO EDICIONES;1;16,90;16,90
9788412520521;ANSIBLES, PERFILADORES Y OTRAS MÁQUINAS DE INGENIO;CHAPELA SAAVEDRA, ANDREA DE;ALMADIA ALJOSAN S.R.L.U.;2;36,00;18,00
9788437648149;LO QUE NOS HAN CONTADO S;"CHAPERON, SYLVIE;FILLOD, ODILE";EDICIONES CÁTEDRA;1;17,50;17,50
9788410183360;NAVIDADES DE MIEDO;"CHARLES DICKENS;NATHANIEL";SIRUELA;4;95,80;23,95
9781784785161;SYRIA BURNING;CHARLES GLASS;LAURA TEDESCO;1;5,00;5,00
9788448867263;OH, OH, LEO ¡AL BAÑO!;CHATTERTON, CHRIS;BEASCOA;1;10,95;10,95
9788412447996;SALVAPANTALLAS;CHAVES, LUIS;LOS TRES EDITORES;1;16,90;16,90
9788494594021;TEORIA DEL ASCENSOR;CHEJFEC,SERGIO;JEKYLL & JILL;1;17,00;17,00
9788493707767;BARONI UN VIAJE;CHEJFEC,SERGIO;CANDAYA,S.L;1;16,00;16,00
9788493890360;EXPERIENCIA DRAMATICA,LA;CHEJFEC,SERGIO;CANDAYA,S.L;1;15,00;15,00
9788496834897;LOS RELATOS DEL PADRE BROWN;CHESTERTON, G.K.;ACANTILADO;1;40,00;40,00
9788496136250;AUTOBIOGRAFÍA;CHESTERTON, G.K.;ACANTILADO;1;23,00;23,00
9788419877352;SANTO TOMAS DE AQUINO;CHESTERTON, GILBERT KEITH;EDICIONES ESPUELA DE PLATA;1;17,90;17,90
9788419834409;JOVEN DE LA PERLA,LA;CHEVALIER, TRACY;DUOMO EDICIONES;1;8,95;8,95
9788417517793;EXHALACION 9ªED;CHIANG,TED;EDITORIAL SEXTO PISO;1;22,50;22,50
9788416677962;CIUDADES QUE SOMOS,LAS;CHICKS ON COMICS;EDITORIAL SEXTO PISO;1;11,90;11,90
9788418504365;NOMBRES IMPARES,LOS;CHICO,ALEX;CANDAYA,S.L;1;17,00;17,00
9788433973764;CREMATORIO - CM;CHIRBES, RAFAEL;EDITORIAL ANAGRAMA;1;15,90;15,90
9788419746993;KEEPING 13 (LOS CHICOS DE TOMMEN 2);CHLOE WALSH;MONTENA;1;19,95;19,95
9788419746979;SAVING 6 (LOS CHICOS DE TOMMEN 3);CHLOE WALSH;MONTENA;1;19,95;19,95
9788419357373;BINDING 13 (LOS CHICOS DE TOMMEN 1);CHLOE WALSH;MONTENA;1;19,95;19,95
9788412878608;SOBRE CUBA;"CHOMSKY, NOAM;PRASHAD, VIJAY";CAPITÁN SWING LIBROS;1;18,50;18,50
9788498382983;TRES MANERAS DE VOLCAR UN BARCO;CHRIS STEWART;SALAMANDRA;1;15,00;15,00
9788415601821;ALFABETO 4ªED;CHRISTENSEN,INGER;EDITORIAL SEXTO PISO;1;18,00;18,00
9788415601890;ESO 2ªED;CHRISTENSEN,INGER;EDITORIAL SEXTO PISO;2;56,00;28,00
9788418945885;AMOR A SEGUNDA VISTA;CHRISTIE, ANNETTE;CONTRALUZ EDITORIAL;2;43,00;21,50
9789200040931;TALKING WITH SERIAL KILLERS;CHRISTOPHER BERRY-DEE;LAURA TEDESCO;1;6,00;6,00
9788492865505;LA LIBRERÍA AMBULANTE;CHRISTOPHER MORLEY;TUSQUETS EDITORES;1;6,00;6,00
9788410358133;ARTE DE TRANSITAR EL DUELO, EL;CICERON, MARCO TULIO;EDICIONES KOAN;2;25,80;12,90
9788417127442;HISTORIAS MÁS BELLAS DE LA ANTIGUA ROMA, LAS;CINGOLI, LORENZA;GRIBAUDO;1;19,90;19,90
9788478447985;DICCIONARIO DE SÍMBOLOS;CIRLOT, JUAN EDUARDO;SIRUELA;1;38,00;38,00
9788414065006;MI CAJA MÁGICA DE LA NAVIDAD;CLAUDIA BORDIN;EDELVIVES;2;29,80;14,90
9788420414539;UN COMUNISTA EN CALZONCILLOS;CLAUDIA PIÑEIRO;ALFAGUARA;1;18,90;18,90
9788420478555;LAS VIUDAS DE LOS JUEVES;CLAUDIA PIÑEIRO;ALFAGUARA;1;17,90;17,90
9788419583246;NO DESEARÁS LA MUERTE EN VENECIA;CLAVERÍA LAGUARDA, CARLOS;ALTAMAREA EDICIONES;2;37,80;18,90
9788418481055;LA HERENCIA DE CARLOTA;CLAVERÍA LAGUARDA, CARLOS;ALTAMAREA EDICIONES;2;37,80;18,90
9788412603958;GENERACIONES;CLIFTON, LUCILLE;EDITORIAL TRÁNSITO;2;36,00;18,00
9788433927224;INVITADA, LA;CLINE, EMMA;EDITORIAL ANAGRAMA;1;20,90;20,90
9788413431529;MAÑANA;COBO, ISABEL;KALANDRAKA;1;16,00;16,00
9788475220505;LA ENERGÍA DE LOS ESCLAVOS;COHEN, LEONARD;VISOR;2;28,00;14,00
9788475221045;COMPAREMOS MITOLOGÍAS;COHEN, LEONARD;VISOR;2;28,00;14,00
9788475221137;FLORES PARA HITLER;COHEN, LEONARD;VISOR;2;32,00;16,00
9788475221281;BALADA DEL VIEJO MARINERO Y OTROS POEMAS;COLERIDGE, SAMUEL TAYLOR;VISOR;2;12,00;6,00
9788411480758;GLOBAL (CÓMIC);"COLFER, EOIN;DONKIN, ANDREW";ALIANZA EDITORIAL;2;41,90;20,95
9788419392343;ATILA;COLL, ALIOCHA;GALAXIA GUTENBERG;2;37,00;18,50
9788412884814;ÉXTASIS EN UNA NOCHE DE VERANO;COLLINS, ROCÍO;HURTADO Y ORTEGA EDITORES;1;23,90;23,90
9788410200647;AVENTURAS DE PINOCHO, LAS;COLLODI, CARLO;NÓRDICA LIBROS;2;59,00;29,50
9788412894356;ACEQUIA;COLMENARES, AMAURY;EDITORIAL LAS AFUERAS;1;19,71;19,71
9788437647456;EXPERIENCIAS HUMANITARIA;COLOMINA, IMMACULADA;EDICIONES CÁTEDRA;2;45,90;22,95
9788441543027;ESC.FUTBOL.TECNICAS SUPE;COLSON, ROB;ANAYA MULTIMEDIA;1;14,90;14,90
9788419475930;EL GIGANTE MISTERIOSO;COLTELLACCI, LORENZO;EDITORIAL KÓKINOS;1;16,00;16,00
9788412586077;AVENTURAS DE SHERLOCK HOLMES, LAS;CONAN DOYLE, ARTHUR;GRIBAUDO;1;15,90;15,90
9788417553883;DESEADA,LA 3ªED;CONDE,MARYSE;IMPEDIMENTA;1;23,95;23,95
9788418668289;YO TITUBA - LA BRUJA NEGRA DE SALEM 4ªED;CONDE,MARYSE;IMPEDIMENTA;1;23,95;23,95
9788417115999;CORAZON QUE RIE CORAZON QUE LLORA 6ªED;CONDE,MARYSE;IMPEDIMENTA;2;41,00;20,50
9788411481137;ECHO PARK [ADN];CONNELLY, MICHAEL;ALIANZA EDITORIAL;1;11,95;11,95
9788411481175;LA RUBIA DE HORMIGÓN [AD;CONNELLY, MICHAEL;ALIANZA EDITORIAL;2;23,90;11,95
9788411481151;EL ÚLTIMO COYOTE [ADN];CONNELLY, MICHAEL;ALIANZA EDITORIAL;4;47,80;11,95
9788413627274;LAS HORAS OSCURAS (ADN);CONNELLY, MICHAEL;ALIANZA EDITORIAL;2;43,90;21,95
9788410138353;EL ABOGADO DEL LINCOLN;CONNELLY, MICHAEL;ADN EDITORIAL GRUPO ANAYA;2;43,90;21,95
9791387596217;BELLADONA;CONNELLY, MICHAEL;ADN EDITORIAL GRUPO ANAYA;2;45,90;22,95
9788411487160;EL DUELO;CONRAD, JOSEPH;ALIANZA EDITORIAL;1;11,95;11,95
9788411485821;LORD JIM;CONRAD, JOSEPH;ALIANZA EDITORIAL;1;13,95;13,95
9788410171664;AMORES INCONSTANTES, LOS;CONSTANT, BENJAMIN;PERIFÉRICA;1;21,90;21,90
9788466375221;LOS HIJOS DE DIOS;COOPER, GLENN;DEBOLSILLO;1;12,95;12,95
9788412971880;LA CATEDRAL DE LA MUJER;CORO MONTANET,GLEYVIS;BAJAMAR EDITORES;1;15,00;15,00
9788412690088;CIUDAD LÁSER;CORREA, MARIANTUÁ;ALMADIA ALJOSAN S.R.L.U.;1;19,00;19,00
9788420437484;RAYUELA (ED. CONMEMORATIVA);CORTÁZAR, JULIO;RAE;1;17,90;17,90
9788420460888;LAS CARTAS DEL BOOM;"CORTÁZAR, JULIO; FUENTES,";ALFAGUARA;1;23,90;23,90
9788416440887;APLASTAMIENTO DE LAS GOTAS,EL;CORTAZAR,JULIO;NÓRDICA LIBROS;1;16,50;16,50
9788492683918;CARTAS DE MAMA 3ªED;CORTAZAR,JULIO;NÓRDICA LIBROS;1;9,95;9,95
9788413622316;ELIMINADOS (ADN);COSTILLA, FERNANDO;ALIANZA EDITORIAL;1;18,95;18,95
9788417977962;FIERAS FAMILIARES;COTA HIRIART, ANDRES;LIBROS DEL ASTEROIDE;1;20,95;20,95
9788419490162;MIL MILLAS HACIA LA LIBERTAD;CRAFT,WILLIAN;CONSONNI;1;17,00;17,00
9789874198303;ANIMALES;CRAIG,SANTIAGO;FACTOTUM;1;15,00;15,00
9788412594003;DOLOR QUE AMAMOS,EL;CRESPO MASSIEU,ANTONIO;BARTLEBY EDITORES,S.L;1;14,00;14,00
9788410815483;LA GRAN OPORTUNIDAD;CRISTINA MONGE;TIRANT HUMANIDADES;1;6,00;6,00
9788416588787;VIDAS QUE CAMBIAN VIDAS: 40 HISTORIAS INSPIRADORAS ANTERIORES A LA TUYA / LIVES THAT CHANGE OTHER LIVES: 40 INSPIRING STORIES THAT CAME BEFORE YOU;CRISTINA NUÑEZ;NUBE DE TINTA;1;18,95;18,95
9788416193219;MAS ROJO BAJO EL SOL;CROSS,ELSA;VASO ROTO EDICIONES;1;16,00;16,00
9788416126002;¡ABRACADABRA!;CROZON, ALAIN;EDITORIAL KÓKINOS;1;9,90;9,90
9788413627625;VEINTE AÑOS DE SOL (ADN);CRUZ, EVA;ALIANZA EDITORIAL;1;18,95;18,95
9788412779851;RICOS NO PAGAN IRPF, LOS;"CRUZADO, CARLOS;MOLLINEDO,";CAPITÁN SWING LIBROS;2;44,00;22,00
9788425362699;JUEGOS DE LÓGICA PARA MANTENER TU MEMORIA EN FORMA;CUADERNOS RUBIO;GRIJALBO;1;9,90;9,90
9788425362668;EJERCICIOS Y JUEGOS DE LÓGICA PARA MANTENER TU MEM;CUADERNOS RUBIO;GRIJALBO;1;9,90;9,90
9789871920433;AVENTURAS DEL SEÑOR MAIZ,LAS;CUCURTO,WASHINGTON;INTERZONA;1;14,00;14,00
9788437647609;EL TRIUNFO DE ESTAR VIVO;CUENCA, LUIS ALBERTO DE;EDICIONES CÁTEDRA;1;23,50;23,50
9788426426611;DÍA;CUNNINGHAM, MICHAEL;LUMEN;1;20,90;20,90
9788419620606;JOVEN QUE ESCRIBIA HISTORIAS DE AMOR EN AUSCHWITZ,;CURHAM, SIOBHAN;NEWTON COMPTON EDITORES;1;12,90;12,90
9788412931501;POSTE RESTANTE;CYNTHIA RIMSKY;EDICIONES LASTARRIA Y DE;1;20,00;20,00
9788433961334;AGUA Y JABÓN - CM;D. RIEZU, MARTA;EDITORIAL ANAGRAMA;2;25,80;12,90
9788417971717;BIOGRAFÍA DEL SILENCIO;D'ORS, PABLO;GALAXIA GUTENBERG;1;13,95;13,95
9788411582858;MI LIBRERÍA;DAISY BEATRICE;COMBEL EDITORIAL;1;22,90;22,90
9788410178946;LA LIEBRE Y YO;DALTON, CHLOE;LIBROS DEL ASTEROIDE;1;21,95;21,95
9788417375645;BORGES EN ESTOCOLMO;DALTON, SONIA;DE CONATUS;1;15,90;15,90
9788437645490;PURA LUJURIA;DALY, MARY;EDICIONES CÁTEDRA;1;38,95;38,95
9788410704374;ECOS REVOLUCIONARIOS EN EL CARIBE: MEDIO SIGLO DE INFLUENCIA CUBANA EN LA VENEZUELA CONTEMPORÁNEA (1958-2013;DAMASO LUIS LEON, ANGEL;EDITORIAL DYKINSON;1;48,00;48,00
9788495618603;EL CODIGO DA VINCI;DAN BROWN;LAURA TEDESCO;1;6,00;6,00
9788483068618;PENSAR RÁPIDO, PENSAR DESPACIO;DANIEL KAHNEMAN;DEBATE;1;24,90;24,90
9788466342858;TRAICIONADA / BETRAYAL;DANIELLE STEEL;DEBOLSILLO;1;12,95;12,95
9788401019708;BLUE;DANIELLE STEEL;PLAZA&JANES;1;21,90;21,90
9788466354820;FAMILIA DE ESTRELLAS;DANIELLE STEEL;DEBOLSILLO;1;9,95;9,95
9788466373395;AVENTURA, LA;DANIELLE STEEL;DEBOLSILLO;1;12,95;12,95
9788419490322;ALIENTO, OJOS, MEMORIA;DANTICAT, EDWIDGE;CONSONNI;3;59,70;19,90
9788498957730;SONETOS COMPLETOS (RUBÉN DARÍO);DARÍO, RUBÉN;VISOR;2;14,00;7,00
9788415458753;LOS RAROS;DARÍO, RUBÉN;ENEIDA;1;13,95;13,95
9798857895962;HERBARIO I;DASHEL HERNÁNDEZ;KÝRNE;3;51,00;17,00
9798335262750;HERBARIO II;DASHEL HERNÁNDEZ;KÝRNE;3;51,00;17,00
9788493801311;CORREDOR DEL LABERINTO,EL 17ªED;DASHNER,JAMES;NOCTURNA EDICIONES;1;19,95;19,95
9788427241978;¿Y SI AQUÍ NO SE ACABA TODO? LA VIDA MÁS ALLÁ DE LA VIDA;DAUSÁ, JOAN;MOLINO;1;22,95;22,95
9789584259400;LA VIDA ME VIVE AMARGANDO LA VIDA;DAVID BETANCOURT;TUSQUETS EDITORES;1;5,00;5,00
9788432215896;LA DELICADEZA;DAVID FOENKINOS;TUSQUETS EDITORES;1;5,00;5,00
9788426407511;LA VIDA JUEGA CONMIGO / MORE THAN I LOVE MY LIFE;DAVID GROSSMAN;LUMEN;1;20,90;20,90
9788432219948;LLÉVAME CONTIGO;DAVID GROSSMAN;TUSQUETS EDITORES;1;8,00;8,00
9788418897436;ATRAPA EL PEZ DORADO;DAVID LYNCH;RESERVOIR BOOKS;1;19,90;19,90
9780340897010;US;DAVID NICHOLLS;LAURA TEDESCO;1;5,00;5,00
9791387600150;DESEO Y DESTINO;DAVID RIEFF;DEBATE;2;41,80;20,90
9788432239205;MISS MERKEL. EL CASO DE LA CANCILLER JUBILADA;DAVID SAFIER;TUSQUETS EDITORES;1;18,50;18,50
9788432241208;MISS MERKEL. EL CASO DEL JARDINERO ENTERRADO;DAVID SAFIER;TUSQUETS EDITORES;1;19,00;19,00
9788432244230;MISS MERKEL. ASESINATO EN ALTA MAR;DAVID SAFIER;TUSQUETS EDITORES;1;19,90;19,90
9781948517911;RUSIA: EL REGRESO DE LA POTENCIA;DAVID TEURTRIE;HYPERMEDIA EDICIONES;3;57,00;19,00
9788433966605;ABIERTO TODA LA NOCHE;DAVID TRUEBA;TUSQUETS EDITORES;1;4,00;4,00
9788423369225;LA CIUDAD DE LAS LUCES MUERTAS (PREMIO NADAL 2026);DAVID UCLÉS;EDICIONES DESTINO;1;22,90;22,90
9781932887341;CONSOLATIONS;DAVID WHYTE;LAURA TEDESCO;1;5,00;5,00
9788410178328;DESPEJADO;DAVIES, CARYS;LIBROS DEL ASTEROIDE;1;19,95;19,95
9788419670458;COSMO EN EL ESPACIO 2ªED;DE CASTRO,JAVI;ASTIBERRI EDICIONES;1;11,00;11,00
9788412154993;IN MEMORIAM;DE ELCHE, NIÑO;HURTADO Y ORTEGA EDITORES;2;34,00;17,00
9788410323742;NO LA DEJES SOLA;DE FEZ, DESIREE;BLACKIE BOOKS;2;44,00;22,00
9788419620262;LIBRERIA DE LOS DESEOS,LA;DE KERMEL, ERIC;NEWTON COMPTON EDITORES;1;12,90;12,90
9788410249028;DESDE LOS ZULOS;DE LA CERDA, DAHLIA;EDITORIAL SEXTO PISO;2;37,80;18,90
9788419261298;PERRAS DE RESERVA 3ªED;DE LA CERDA,DAHLIA;EDITORIAL SEXTO PISO;3;53,70;17,90
9788415937548;LA CIUDAD DE LAS DAMAS;DE PIZÁN, CRISTINA;SIRUELA;1;19,95;19,95
9788417726379;BITÁCORA DE UN EX COMEDOR DE OPIO;DE QUINCEY, THOMAS;ENEIDA;1;14,00;14,00
9788433980830;GRATITUDES, LAS;DE VIGAN, DELPHINE;EDITORIAL ANAGRAMA;1;39,80;39,80
9788494983764;16 DE OCTUBRE DE 1943;DEBENEDETTI,GIACOMO;EDITORIAL LAS AFUERAS;2;31,90;15,95
9788420712277;ROBINSON CRUSOE;DEFOE, DANIEL;ANAYA INFANTIL Y JUVENIL;2;27,00;13,50
9788467828719;ROBINSON CRUSOE;DEFOE, DANIEL;ANAYA INFANTIL Y JUVENIL;2;27,90;13,95
9788437649108;DIARIO DEL AÑO DE LA PESTE;DEFOE, DANIEL;EDICIONES CÁTEDRA;1;19,95;19,95
9788412852707;PERIFERIA;DEL ÁNGEL, DIANA;ALMADIA ALJOSAN S.R.L.U.;1;18,00;18,00
9788410080560;NO MIENTAS;DEL BURGO, ARTURO;NEWTON COMPTON EDITORES;1;12,90;12,90
9788418504716;QUE TENGA UNA CASA;DEL CAMPO, FLORENCIA;CANDAYA,S.L;1;17,00;17,00
9788417200374;MIS HIJAS AJENAS;DEL CAMPO,FLORENCIA;SLOPER, S.L;1;12,00;12,00
9788420476421;LA HORA VIOLETA;DEL MOLINO, SERGIO;ALFAGUARA;1;18,90;18,90
9788420462103;LA ESPAÑA VACÍA;DEL MOLINO, SERGIO;ALFAGUARA;1;21,90;21,90
9788416421510;INDICADORES DE VIOLENCIA DE GENERO EN EL PERU;"DEL PINO ; TORRES";ANTHROPOS;1;10,00;10,00
9788419738684;FUEGO CRUZADO;"DEL REY, FERNANDO;ALVAREZ";GALAXIA GUTENBERG;2;56,00;28,00
9788419737298;OLMEDO Y QUITO;DELGADO VITERI,DANIELA;FULGENCIO PIMENTEL;1;24,00;24,00
9788411483117;LOS CONSERVADORES Y LA R;DELGADO-GAL, ÁLVARO;ALIANZA EDITORIAL;1;20,95;20,95
9788437638065;A CULTURA DE EMOCIONES;"DELGADO, LUISA ELENA;";EDICIONES CÁTEDRA;1;26,95;26,95
9788410249004;SER DE FUERA;DELGADO, RAQUEL;EDITORIAL SEXTO PISO;2;33,80;16,90
9788420677668;LA MORTAJA;DELIBES, MIGUEL;ALIANZA EDITORIAL;1;11,95;11,95
9788410080447;CAZADOR DE LIBROS PROHIBIDOS, EL;DELIZZOS, FABIO;NEWTON COMPTON EDITORES;1;6,90;6,90
9788413431505;ABUELA DE ARRIBA Y ABUELA DE ABAJO;DEPAOLA, TOMIE;KALANDRAKA;1;16,00;16,00
9788412779936;BIBLIOTECAS;"DER WEDUWEN, ARTHUR;";CAPITÁN SWING LIBROS;1;29,00;29,00
9788416126408;LA BALLENA AZUL;DESMOND, JENNI;EDITORIAL KÓKINOS;1;15,00;15,00
9788419475855;UNA SEMILLITA;DEXET, HECTOR;EDITORIAL KÓKINOS;1;17,90;17,90
9788419208903;SUICIDAS, LOS;DI BENEDETTO, ANTONIO;ADRIANA HIDALGO EDITORA;1;16,90;16,90
9788419208194;SILENCIERO, EL;DI BENEDETTO, ANTONIO;ADRIANA HIDALGO EDITORA;1;16,90;16,90
9788419208231;ESCRITOS DEL EXILIO;DI BENEDETTO, ANTONIO;ADRIANA HIDALGO EDITORA;1;32,00;32,00
9789873793905;ESCRITOS PERIODISTICOS 1943-1986;DI BENEDETTO,ANTONIO;ADRIANA HIDALGO EDITORA;1;23,00;23,00
9788410346314;RETORNADA, LA;DI PIETRANTONIO, DONATELLA;DUOMO EDICIONES;1;8,95;8,95
9788412408164;MEMORIAS DE UNA BEATNIK 4ªED;DI PRIMA,DIANE;EDITORIAL LAS AFUERAS;2;37,90;18,95
9788419490216;TODAS LAS VIDAS;DIAZ BRINGAS, TAMARA;CONSONNI;1;19,90;19,90
9788419693501;LAS FUERZAS DEBILES;"DIAZ CASTELO;SALAS HERNANDEZ";VASO ROTO EDICIONES;1;20,00;20,00
9788418935695;POEMAS INMORALES;DÍAZ DE VILLEGAS, NÉSTOR;EDITORIAL PRE-TEXTOS;6;138,00;23,00
9788419043061;CIUDAD DE MEXICO;DIAZ-FUENTES, EDSON;CINCO TINTAS;1;35,00;35,00
9788414340615;LA PANDILLA WASABI 1;"DÍAZ, ALBERTO;NÚÑEZ, ÁLVARO";ANAYA INFANTIL Y JUVENIL;2;21,90;10,95
9788417417666;LOS BLOQUES NARANJAS;DÍAZ, LUIS;CABALLO DE TROYA;1;15,90;15,90
9788412488234;POEMA DE AMOR POSCOLONIAL;DIAZ, NATALIE;VASO ROTO EDICIONES;1;22,00;22,00
9788410073142;HAY LUGARES QUE SON PARA SIEMPRE;DIAZ, YARELIS;VALPARAÍSO EDICIONES;1;13,95;13,95
9788417553524;A LO LEJOS 4ªED;DIAZ,HERNAN;IMPEDIMENTA;1;24,95;24,95
9788466795210;OLIVER TWIST;DICKENS, CHARLES;ANAYA ELE;2;33,00;16,50
9788417726621;CANCIÓN DE NAVIDAD;DICKENS, CHARLES;ENEIDA;1;15,00;15,00
9788410200593;SECRETO DE LA OROPENDOLA, EL;DICKINSON, EMILY;NÓRDICA LIBROS;1;22,50;22,50
9788419583192;EL RESTO ES PROSA;DICKINSON, EMILY;ALTAMAREA EDICIONES;2;21,80;10,90
9788466338691;PROVINCIA IMAGINARIA, LA (DEBOLSILLO);DIEZ, LUIS MATEO;DEBOLSILLO;1;14,96;14,96
9788466338707;CAMINOS DE LA QUIMERA, LOS (DEBOLSILLO);DIEZ, LUIS MATEO;DEBOLSILLO;1;14,96;14,96
9788437634791;EL REINO DE CELAMA;DÍEZ, LUIS MATEO;EDICIONES CÁTEDRA;2;49,90;24,95
9788420478876;EL EXPEDIENTE DEL NÁUFRAGO;DÍEZ, LUIS MATEO;ALFAGUARA;1;17,90;17,90
9788419036742;DICTADORES;DIKÖTTER, FRANK;ACANTILADO;1;24,00;24,00
9780241721407;LONDRES GUA TOP 10/ TOP 10 LONDON.;DK EYEWITNESS.;DK;1;14,96;14,96
9780241721476;VENECIA GUÍA TOP 10;DK TRAVEL;DK;1;14,96;14,96
9788419654014;CAMPAMENTO FANTASMA. ¡UNAS VACACIONES DE MIEDO!;DOLAN, TAYLOR;BLACKIE BOOKS;2;33,80;16,90
9788423366484;LAS QUE NO DUERMEN NASH;DOLORES REDONDO;EDICIONES DESTINO;2;47,80;23,90
9788423366194;EL GUARDIAN INVISIBLE (TRILOGIA DEL BAZTAN, 1);DOLORES REDONDO;EDICIONES DESTINO;1;11,95;11,95
9788423366200;LEGADO EN LOS HUESOS (TRILOGIA DEL BAZTAN, 2);DOLORES REDONDO;EDICIONES DESTINO;1;11,95;11,95
9788423366217;OFRENDA A LA TORMENTA (TRILOGIA DEL BAZTAN, 3);DOLORES REDONDO;EDICIONES DESTINO;1;11,95;11,95
9788408196440;TODO ESTO TE DARE;DOLORES REDONDO;TUSQUETS EDITORES;1;12,95;12,95
9788423358687;PRIVILEGIOS DEL ANGEL,LOS;DOLORES REDONDO;EDICIONES DESTINO;1;12,95;12,95
9786078619382;NOCHE EN EL ESPEJO, LA;DOMINGO, CLAUDINA;EDITORIAL SEXTO PISO;2;39,80;19,90
9786079436650;ENEMIGAS,LAS;DOMINGO,CLAUDINA;EDITORIAL SEXTO PISO;2;35,80;17,90
9788469663271;EL GRÚFALO;DONALDSON, JULIA;EDITORIAL BRUÑO;1;16,95;16,95
9788469640203;EL GRÚFALO. LIBRO SONIDO;DONALDSON, JULIA;EDITORIAL BRUÑO;3;68,85;22,95
9788469642849;EL GRÚFALO BUSCA Y ENCUE;DONALDSON, JULIA;EDITORIAL BRUÑO;1;16,95;16,95
9788469643884;EL GRÚFALO. POP-UP;DONALDSON, JULIA;EDITORIAL BRUÑO;2;43,90;21,95
9788469629093;EL GRÚFALO. LIBRO CARRUS;DONALDSON, JULIA;EDITORIAL BRUÑO;1;22,95;22,95
9788414343838;CUENTOS CORTOS PARA EMPEZAR A LEER;DONAT, MARC;ANAYA INFANTIL Y JUVENIL;1;17,95;17,95
9780521734172;RADICAL DEMOCRACY;DONNA LEE VAN COTT;CAMBRIDGE UNIVERSITY PRESS;1;5,00;5,00
9789200041433;EL JILGUERO;DONNA TARTT;LAURA TEDESCO;1;6,00;6,00
9788430972005;ERASE EL EUROCOMUNISMO;DONOFRÍO, ANDREA;TECNOS;1;27,90;27,90
9788437617763;EL LUGAR SIN LÍMITES;DONOSO, JOSÉ;EDICIONES CÁTEDRA;2;29,00;14,50
9788420665665;NOCHES BLANCAS RELATOS;DOSTOYEVSKI, FIÓDOR;ALIANZA EDITORIAL;3;37,50;12,50
9788491047940;ARCHIVO SHERLOCK HOLMES;DOYLE, ARTHUR CONAN;ALIANZA EDITORIAL;1;14,90;14,90
9788491047957;REGRESO SHERLOCK HOLMES;DOYLE, ARTHUR CONAN;ALIANZA EDITORIAL;2;31,90;15,95
9789200040436;DUERMETE, NIÑO;DR. EDUARD ESTIVILL;LAURA TEDESCO;1;5,00;5,00
9788408291282;LA SUPRACONCIENCIA EXISTE;DR. MANEL SANS SEGARRA;TUSQUETS EDITORES;1;19,90;19,90
9788479532536;LOS CUATRO ACUERDOS;DR. MIGUEL RUIZ;LAURA TEDESCO;1;5,00;5,00
9788419958884;LA VUELTA AL MUNDO EN OCHENTA JUEGOS;DU SAUTOY, MARCUS;ACANTILADO;2;50,00;25,00
9788419583536;LA TERNURA;DUCAY, PAULA;ALTAMAREA EDICIONES;2;35,80;17,90
9788469808412;LOS TRES MOSQUETEROS;DUMAS, ALEXANDRE;ANAYA INFANTIL Y JUVENIL;2;27,90;13,95
9788469890974;LOS TRES MOSQUETEROS;DUMAS, ALEXANDRE;ANAYA INFANTIL Y JUVENIL;1;16,50;16,50
9788492750566;HOLA TILLY;DUNBAR, POLLY;EDITORIAL KÓKINOS;1;10,50;10,50
9788430627646;EL ACIAGO DEMIURGO;E. M. CIORAN;TAURUS;1;18,90;18,90
9788491042211;VIVIR ANARQUÍA, UTOPIA;EALHAM, CHRIS;ALIANZA EDITORIAL;1;28,95;28,95
9788412440164;FLORES PARTICULARES;ECKERT, NORA;EDITORIAL TRÁNSITO;2;43,80;21,90
9788433924346;COMANDANTE;EDOARDO DE ANGELIS Y SANDRO;TUSQUETS EDITORES;1;5,00;5,00
9788420419589;LA NOCHE DE LA USINA;EDUARDO ALFREDO SACHERI;ALFAGUARA;1;20,90;20,90
9788401389757;PEDIATRÍA;EDUARDO ESTIVILL & GONZALO;LAURA TEDESCO;1;6,00;6,00
9788412667448;EL VINO EN BOTA;EDUARDO FERNÁNDEZ JURADO;EXIT;1;12,00;12,00
9788412807660;AVALADO SEA DIOS;EDUARDO FÉRNANDEZ JURADO;EXIT;1;12,00;12,00
9788420609393;DÍAS Y NOCHES DE AMOR Y DE GUERRA;EDUARDO GALEANO;TUSQUETS EDITORES;1;5,00;5,00
9788412990300;NARCISOS;EDUARDO LÓPEZ-COLLAZO;HUSO EDITORIAL;3;60,00;20,00
9788491996361;ESPAÑA DIVERSA;EDUARDO MANZANO;EDITORIAL CRÍTICA;1;24,90;24,90
9788483066034;CORTÁZAR SIN BARBA;EDUARDO MONTES-BRADLEY;LAURA TEDESCO;1;5,00;5,00
9788420456560;NOSOTROS DOS EN LA TORMENTA;EDUARDO SACHERI;ALFAGUARA;1;21,90;21,90
9788420405223;EL SECRETO DE SUS OJOS;EDUARDO SACHERI;ALFAGUARA;1;20,90;20,90
9789877381887;LA NOCHE DE LA USINA;EDUARDO SACHERI;TUSQUETS EDITORES;1;8,00;8,00
9788420456546;FUNCIONAMIENTO GENERAL DEL MUNDO, EL;EDUARDO SACHERI;ALFAGUARA;1;22,90;22,90
9791387846138;QUÉ QUEDARÁ DE NOSOTROS;EDUARDO SACHERI;ALFAGUARA;2;43,80;21,90
9788430989799;LA EXTREMA IZQUIERDA EN EUROPA OCCIDENTAL;EDUARNE URIARTE Y ÁNGEL;TUSQUETS EDITORES;2;20,00;10,00
9788437634548;PERSONA NON GRATA;EDWARDS, JORGE;EDICIONES CÁTEDRA;2;41,90;20,95
9798288505010;MI ÚLTIMO VIAJE EN LADA;EFRAÍN RODRÍGUEZ SANTANA;EDITORIAL CASA VACÍA;10;200,00;20,00
9788416868032;QUE VIVA MEXICO;EISENSTEIN,SERGUEI;CASIMIRO;1;8,00;8,00
9788437643472;SOBRE LA EXISTENCIA DEL;EKIS EKMAN, KAJSA;EDICIONES CÁTEDRA;1;26,50;26,50
9789200040627;SABORES DE TEMPORADA;EL CORTE INGLES;LAURA TEDESCO;1;6,00;6,00
9788426407351;LA INVENCIÓN OCASIONAL / INCIDENTAL INVENTIONS;ELENA FERRANTE;LUMEN;1;19,90;19,90
9788427242005;A QUERER SE APRENDE;ELENA LPEZ. NAVARRO;MOLINO;1;17,95;17,95
9788416227341;SELK'NAM;"ELGUETA ; REYES";LA OVEJA ROJA;1;16,00;16,00
9788416227211;AÑOS DE ALLENDE,LOS 2ªED;"ELGUETA ; REYES";LA OVEJA ROJA;1;14,00;14,00
9788483465974;BIBLIOTECA ELIAS CANETTI;ELIAS CANETTI;DEBOLSILLO;1;12,95;12,95
9788413621746;CUATRO CUARTETOS;ELIOT, T. S.;ALIANZA EDITORIAL;1;12,95;12,95
9788420645735;POESÍAS REUNIDAS 1909-19;ELIOT, T. S.;ALIANZA EDITORIAL;1;18,50;18,50
9788418817250;MI PRIMER ABECEDARIO;"ELISA ;BERNAT";PENGUIN KIDS;1;21,95;21,95
9788466343183;LA MAGIA DE SER SOFIA;ELISABET BENAVENT;LAURA TEDESCO;1;6,00;6,00
9788416750030;FRESAS SILVESTRES PARA MISS FREUD;ELISABET RIERA;TUSQUETS EDITORES;1;8,00;8,00
9788408102106;ALMAS GEMELAS;ELIZABETH CHANDLER;TUSQUETS EDITORES;1;6,00;6,00
9788412832358;CONSAGRACION DE ASHENDEN, LA;ELKIN, STANLEY;LA FUGA EDICIONES;1;16,50;16,50
9788419043443;EL LIBRO DE LAS RESPUESTAS. CONFIA EN TU ORACULO M;ELLIOT,GAIA;CINCO TINTAS;1;17,95;17,95
9788469875612;UNICORNIO. AMIGO MÁGICO;ELLIOTT, REBECCA;ANAYA INFANTIL Y JUVENIL;2;23,90;11,95
9788469875629;DIARIO DE UN UNICORNIO 2;ELLIOTT, REBECCA;ANAYA INFANTIL Y JUVENIL;1;11,95;11,95
9788469891537;DIARIO UNICORNIO 5;ELLIOTT, REBECCA;ANAYA INFANTIL Y JUVENIL;1;11,95;11,95
9788414335154;DIARIO DE UN UNICORNIO 6;ELLIOTT, REBECCA;ANAYA INFANTIL Y JUVENIL;1;11,95;11,95
9788401021527;MAMÁ, ¿ME CUENTAS TU HISTORIA? / MUM TELL ME;"ELMA VAN VLIET;EMMY VAN VLIET";PLAZA&JANES;1;15,90;15,90
9788489846456;A VEINTE AÑOS, LUZ;ELSA OSORIO;TUSQUETS EDITORES;1;6,00;6,00
9788418838491;CUARTO MUNDO, EL;"ELTIT, DIAMELA;";PERIFÉRICA;1;17,00;17,00
9788416291816;SUMAR;ELTIT,DIAMELA;PERIFÉRICA;1;16,50;16,50
9788417511982;YO;ELTON JOHN;TUSQUETS EDITORES;1;12,00;12,00
9788432243875;EN LA BOCA DEL LOBO;ELVIRA LINDO;TUSQUETS EDITORES;1;10,95;10,95
9788467069235;LAS BRUJAS Y EL INQUISIDOR;ELVIRA ROCA BAREA;TUSQUETS EDITORES;1;21,90;21,90
9788419490254;PARA SENTHURAN;EMEZI, AKWAEKE;CONSONNI;1;21,50;21,50
9788491056645;CUMBRES BORRASCOSAS;EMILY BRONTE;PENGUIN CLÁSICOS;1;15,95;15,95
9788437639529;EMPUJANDO AL PATRIARCADO;ENLOE, CYNTHIA;EDICIONES CÁTEDRA;1;20,50;20,50
9788418927348;NUESTRA HAMBRE EN LA HABANA;ENRIQUE DEL RISCO;TUSQUETS EDITORES;1;10,00;10,00
9798863547992;HISTORIA Y MASOQUISMO;ENRIQUE DEL RISCO;EDICIONES FURTIVAS;6;108,00;18,00
9781948517775;EL TÚNEL AL FINAL DE LA LUZ;ENRIQUE DEL RISCO (ED);HYPERMEDIA EDICIONES;8;144,00;18,00
9788498276794;PODER CURATIVO DEL TAROT, EL;ENRIQUE GONZÁLEZ-RUBIO;EDITORIAL DILEMA;1;8,50;8,50
9788499890456;UNA VIDA ABSOLUTAMENTE MARAVILLOSA;ENRIQUE VILA-MATAS;DEBOLSILLO;1;14,96;14,96
9788490327241;PARÍS NO SE ACABA NUNCA;ENRIQUE VILA-MATAS;DEBOLSILLO;1;11,95;11,95
9788412808902;OCHO ENTREVISTAS INVENTADAS;ENRIQUE VILA-MATAS;HURTADO Y ORTEGA EDITORES;1;13,90;13,90
9788433998064;COSAS QUE PERDIMOS EN EL FUEGO, LAS;ENRIQUEZ, MARIANA;EDITORIAL ANAGRAMA;1;37,80;37,80
9788433998859;NUESTRA PARTE DE NOCHE;ENRIQUEZ, MARIANA;EDITORIAL ANAGRAMA;2;49,80;24,90
9788433922861;LUGAR SOLEADO PARA GENTE SOMBRÍA, UN;ENRIQUEZ, MARIANA;EDITORIAL ANAGRAMA;2;39,80;19,90
9788433998248;PELIGROS DE FUMAR EN LA CAMA, LOS;ENRIQUEZ, MARIANA;EDITORIAL ANAGRAMA;1;18,90;18,90
9788433999238;ALGUIEN CAMINA SOBRE TU TUMBA;ENRIQUEZ, MARIANA;EDITORIAL ANAGRAMA;1;20,90;20,90
9788433999429;BAJAR ES LO PEOR;ENRIQUEZ, MARIANA;EDITORIAL ANAGRAMA;2;39,80;19,90
9788433946720;CÓMO DESAPARECER COMPLETAMENTE;ENRIQUEZ, MARIANA;EDITORIAL ANAGRAMA;2;39,80;19,90
9788412878783;MALISMO;ENTRIALGO, MAURO;CAPITÁN SWING LIBROS;1;18,50;18,50
9788419583437;ARTISTAS DE LA SUPERVIVENCIA;ENZENSBERGER, HANS MAGNUS;ALTAMAREA EDICIONES;2;39,80;19,90
9788410178939;GENTE A CENAR;EPHRON, NORA;LIBROS DEL ASTEROIDE;1;18,95;18,95
9788449343087;EL ARTE DE VIVIR;EPICTETO;TUSQUETS EDITORES;2;34,00;17,00
9788415851738;ARDILLAS DE PAVLOV;ERBER,LAURA;ADRIANA HIDALGO EDITORA;1;15,00;15,00
9781509548125;RECLAIMING POPULISM;ERIC PROTZER;TUSQUETS EDITORES;1;4,00;4,00
9789876705264;EL ORDEN DEL DÍA;ÉRIC VUILLARD;TUSQUETS EDITORES;1;5,00;5,00
9781933372747;THE MOST BEAUTIFUL BOOK IN THE WORLD;ERIC-EMMANUEL SCHMITT;LAURA TEDESCO;1;4,00;4,00
9788412122381;DISTOPÍA TROPICAL;ERICK J. MOTA;HURÓN AZUL;2;32,00;16,00
9788494443404;LA MUJER HELADA;ERNAUX, ANNIE;EDITORIAL CABARET VOLTAIRE;1;19,95;19,95
9788419047304;LOS ARMARIOS VACÍOS;ERNAUX, ANNIE;EDITORIAL CABARET VOLTAIRE;1;19,95;19,95
9788419047335;LA OCUPACIÓN;ERNAUX, ANNIE;EDITORIAL CABARET VOLTAIRE;2;33,90;16,95
9788412175318;UNA MUJER;ERNAUX, ANNIE;EDITORIAL CABARET VOLTAIRE;2;33,90;16,95
9788412175394;PERDERSE;ERNAUX, ANNIE;EDITORIAL CABARET VOLTAIRE;2;45,90;22,95
9781948517294;CUBA QUEER;ERNESTO FUNDORA;HYPERMEDIA EDICIONES;3;90,00;30,00
9789504902485;CUENTOS QUE ME APASIONARON;ERNESTO SABATO;TUSQUETS EDITORES;1;8,00;8,00
9789200040405;EL TÚNEL;ERNESTO SÁBATO;LAURA TEDESCO;1;6,00;6,00
9788087429051;EL CARNAVAL Y LOS MUERTOS;ERNESTO SANTANA;FRA;3;38,70;12,90
9788437639451;CARTAS DE AMOR... DESPUÉ;ESCABIAS, JUANA;EDICIONES CÁTEDRA;1;15,90;15,90
9788415645801;ABANS QUE EL TEU RECORD TORNI CENDRA - CAT 5ªED;ESCALAS I BERNAT,MARIA;ÀMSTERDAM;1;18,90;18,90
9788417918545;ESTIMADA MIRTA - CAT 2ªED;ESCALAS I BERNAT,MARIA;ÀMSTERDAM;1;21,90;21,90
9788416126064;LOS REYES MAGOS;ESCHNER, GÉRALDINE;EDITORIAL KÓKINOS;2;23,80;11,90
9788492750757;LA VOCECITA;ESCOFFIER, MICHAEL;EDITORIAL KÓKINOS;1;15,50;15,50
9788416205493;DIABLO SABE MI NOMBRE,EL;ESCUDOS,JACINTA;CONSONNI;3;46,50;15,50
9788467840070;FÁBULAS;ESOPO;ANAYA INFANTIL Y JUVENIL;2;27,90;13,95
9788419877277;FABULAS COMPLETAS;"ESOPO;CAMPOAMOR";EDICIONES ESPUELA DE PLATA;2;39,80;19,90
9788417417567;YA NADIE CANTA;ESPINAL SOLANO, MANUELA;CABALLO DE TROYA;1;15,90;15,90
9788437645018;HOMBRES FEMINISTAS;ESPINOSA GUTIÉRREZ, JESÚS;EDICIONES CÁTEDRA;1;22,50;22,50
9788418481703;AVERNO VERANO;ESPINOSA, BÁRBARA;ALTAMAREA EDICIONES;2;37,80;18,90
9788412520552;ADONDE VOY SIEMPRE ES DE NOCHE;ESQUINCA AZCÁRATE, BERNARDO;ALMADIA ALJOSAN S.R.L.U.;1;20,00;20,00
9788417720209;GUÍA URGENTE DEL PADRE P;ESTEVE LLORET, RAFAEL;LAROUSSE;1;18,50;18,50
9788413431581;SUEÑOS EN LA ORILLA;ESTÉVEZ GANTES, ROSA;KALANDRAKA;1;14,00;14,00
9788494983702;MEJORES DIAS,LOS 2ªED;ETCHEBARNE,MAGALI;EDITORIAL LAS AFUERAS;2;33,90;16,95
9788424999728;TRAGEDIAS I;EURÍPIDES;GREDOS;1;22,90;22,90
9788439742883;TRES CUERPOS SALVAJES;EVA BALTASAR;RANDOM HOUSE;1;24,90;24,90
9798733183664;VENDRÁS CONMIGO;EVELIO TRABA;EDICIONES FURTIVAS;3;48,00;16,00
9798506088455;LA CONCORDIA;EVELIO TRABA;EDICIONES FURTIVAS;1;20,00;20,00
9788417375782;LOS ÁRBOLES;EVERETT, PERCIVAL;DE CONATUS;2;45,80;22,90
9788417375188;CUÁNTO AZUL;EVERETT, PERCIVAL;DE CONATUS;2;47,80;23,90
9788410182059;CANCELADO;EVERETT, PERCIVAL;DE CONATUS;2;49,80;24,90
9788410182127;JAMES;EVERETT, PERCIVAL;DE CONATUS;1;23,90;23,90
9786079959968;LADAS;EZEQUIEL O. SUÁREZ;RIALTA EDICIONES;1;20,00;20,00
9788402424501;MORTADELO Y FILEMÓN. MISIÓN POR ESPAÑA;F. IBÁÑEZ;BRUGUERA;1;15,95;15,95
9788402430816;MORTADELO Y FILEMÓN. SU VIDA PRIVADA;F. IBÁÑEZ;BRUGUERA;1;15,95;15,95
9788402430809;MORTADELO Y FILEMÓN. LOS INVASORES;F. IBÁÑEZ;BRUGUERA;1;15,95;15,95
9788433922175;REINA DEL BAILE, LA;FABBRI, CAMILA;EDITORIAL ANAGRAMA;2;37,80;18,90
9788414334751;CUENTOS Y LEYENDAS ESPAÑ;FABREGAT, CHIKI;ANAYA INFANTIL Y JUVENIL;1;20,50;20,50
9788418504327;ITACA ES NUNCA;FALCON MALDONADO,CRISTINA;CANDAYA,S.L;1;15,00;15,00
9788419703620;LUZ DE LA EDAD MEDIA, LA;FALK, SEB;ATICO DE LOS LIBROS;1;26,95;26,95
9788412878707;AFRICA NO ES UN PAIS;FALOYIN, DIPO;CAPITÁN SWING LIBROS;1;27,00;27,00
9788413622026;FANTASMAS AZULES (ADN);FARIAS, PAULA;ALIANZA EDITORIAL;1;17,95;17,95
9788413629506;PIEL DE DERIVA;FARIAS, PAULA;ALIANZA EDITORIAL;1;18,95;18,95
9788419834782;MUERTE DE UN LIBRERO;FARMER, BERNARD J.;DUOMO EDICIONES;1;18,00;18,00
9788410415133;EL FINAL DEL BOSQUE;FASCE, MARÍA;SIRUELA;4;79,80;19,95
9788439743446;DEMONIOS;FATMA AYDEMIR;RANDOM HOUSE;1;21,90;21,90
9788415934134;ANTICUARIO,EL;FAVERON PATRIAU,GUSTAVO;CANDAYA,S.L;1;16,00;16,00
9788418504396;ORDEN DEL ALEPH,EL;FAVERON PATRIAU,GUSTAVO;CANDAYA,S.L;1;18,00;18,00
9788412804683;PEQUEÑO ROBIN Y LA NAVIDAD, EL;FEARNLEY, JAN;GRIBAUDO;2;33,80;16,90
9788467044027;LA CASA DE BERNARDA ALBA;FEDERICO GARCIA LORCA;TUSQUETS EDITORES;1;10,95;10,95
9788498957662;POESÍAS COMPLETAS;FELIPE, LEÓN;VISOR;2;60,00;30,00
9788419261564;LENGUA DORMIDA;FELIX,FRANCO;EDITORIAL SEXTO PISO;2;39,80;19,90
9786078619108;MATAR AL CANDIDATO;"FERNANDEZ ; HAGHENBECK";EDITORIAL SEXTO PISO;1;19,00;19,00
9788419347145;MI ALFABETO GELIDO;FERNANDEZ COZMAN, CAMILO;VALPARAÍSO EDICIONES;1;12,00;12,00
9788498958188;ANTIBIÓTICO;FERNÁNDEZ MALLO, AGUSTÍN;VISOR;2;24,00;12,00
9788437642611;EL TERRORISMO EN ESPAÑA;FERNÁNDEZ SOLDEVILLA, GAIZKA;EDICIONES CÁTEDRA;1;19,95;19,95
9788430986354;HÉROES DE LA RETIRADA;"FERNÁNDEZ SOLDEVILLA, GAIZKA;";TECNOS;2;55,80;27,90
9788411074445;EL NIÑO;FERNANDO ARAMBURU;TUSQUETS EDITORES;1;20,50;20,50
9788483103456;LOS PECES DE LA AMARGURA;FERNANDO ARAMBURU;TUSQUETS EDITORES;1;16,00;16,00
9788490669983;LOS VENCEJOS;FERNANDO ARAMBURU;TUSQUETS EDITORES;1;22,90;22,90
9788411072229;LOS VENCEJOS;FERNANDO ARAMBURU;TUSQUETS EDITORES;1;13,95;13,95
9788411075930;HOMBRE CAIDO;FERNANDO ARAMBURU;TUSQUETS EDITORES;1;20,90;20,90
9788466678728;MALAS LENGUAS;FERNANDO BONETE;B;1;20,90;20,90
9788497404518;LA CELESTINA;FERNANDO DE ROJAS;LAURA TEDESCO;1;6,00;6,00
9788412128680;DE LOS DIOSES Y DEL MUNDO;FERNANDO SAVATER;EDITORIAL POLIBEA;1;15,00;15,00
9788417636418;AQUÍ VIVEN LEONES;"FERNANDO SAVATER;SARA";DEBATE;1;21,90;21,90
9788417555481;ZUM ZUM;"FERRADA ; PASCHETTA";A BUEN PASO;1;14,00;14,00
9788413431697;EL IDIOMA SECRETO;FERRADA, MARÍA JOSÉ;KALANDRAKA;1;16,00;16,00
9788411483346;DOCUMANIDAD;FERRARIS, MAURIZIO;ALIANZA EDITORIAL;1;24,95;24,95
9788425368592;ÁMBAR;FERRARO, NICOLÁS;GRIJALBO;1;21,90;21,90
9788420478814;QUÉ VAS A HACER CON EL RESTO DE TU VIDA;FERRERO, LAURA;ALFAGUARA;1;17,90;17,90
9788410074507;CACA, PEDO, PIS. MANUAL PARA IR AL BAÑO;"FERRERO, MAR;ISERN, SUSANNA";NUBEOCHO;1;15,90;15,90
9788416287956;VIAJE AL FONDO DEL RIO;"FERRO ; TENTONI";ADRIANA HIDALGO EDITORA;1;15,00;15,00
9789508891136;MITOGRAMAS;FIADONE,ALEJANDRO EDUARDO;LA MARCA EDITORA;1;18,50;18,50
9789508893000;MANDALAS PRECOLOMBINOS PARA COLOREAR;FIADONE,ALEJANDRO EDUARDO;LA MARCA EDITORA;1;14,90;14,90
9788417074159;LA DECLARACIÓN UNIVERSAL DE DERECHOS HUMANOS;FIESS, J-M;EDITORIAL KÓKINOS;2;29,00;14,50
9788494668227;EXPERIMENTAL FILM;FILES,GEMMA;LA BIBLIOTECA DE CARFAX;1;22,50;22,50
9788412281330;ESTO NO ES PARA VOSOTROS Y OTRAS HISTORIAS;FILES,GEMMA;LA BIBLIOTECA DE CARFAX;1;21,75;21,75
9788412591156;ESCRIBE SI VENDRAS;"FILIPOWICZ ; SZYMBORSKA";EDITORIAL LAS AFUERAS;1;29,95;29,95
9788494733710;UN ROMANCE DE PROVINCIAS;FILIPOWICZ,KORNEL;EDITORIAL LAS AFUERAS;1;15,95;15,95
9788418451898;GUIA FILMAFFINITY,LA 4ªED;FILMAFFINITY;NÓRDICA LIBROS;3;89,85;29,95
9788419654571;DIARIO DE UN GATO ASESINO. FELIZ NAVIDAD;FINE, ANNE;BLACKIE BOOKS;2;27,80;13,90
9788494742385;RARO Y LO ESPELUZNANTE,LO 10ªED;FISHER,MARK;EDICIONES ALPHA DECAY;1;17,90;17,90
9788441546820;RECETAS SALUD. AIRFRYER;FIT HAPPY SISTERS, ANI Y SARA;ANAYA MULTIMEDIA;1;22,95;22,95
9788410200364;UNA FAMILIA MODERNA 3ED;FLATLAND, HELGA;NÓRDICA LIBROS;1;20,95;20,95
9788411488853;MADAME BOVARY;FLAUBERT, GUSTAVE;ALIANZA EDITORIAL;2;27,90;13,95
9788417375027;UN CORAZÓN SENCILLO;"FLAUBERT, GUSTAVE; FLAUBERT,";DE CONATUS;2;24,00;12,00
9788419851819;NOMBRES, LOS;FLORENCE KNAPP;SALAMANDRA;2;44,00;22,00
9788408256199;LO QUE DICEN TUS OJOS;FLORENCIA BONELLI;TUSQUETS EDITORES;1;9,95;9,95
9788413431628;EL GALLINERO;FLORIANO, MARÍA JOSÉ;KALANDRAKA;1;16,00;16,00
9788420478173;LA VIDA FELIZ;FOENKINOS, DAVID;ALFAGUARA;1;19,90;19,90
9788492865109;PICHICIEGOS,LOS 2ªED;FOGWILL;PERIFÉRICA;1;18,00;18,00
9788499899800;LA CAÍDA DE LOS GIGANTES;FOLLET, KEN;DEBOLSILLO;1;14,96;14,96
9788466351058;UNA COLUMNA DE FUEGO (SAGA LOS PILARES DE LA TIERR;"FOLLETT, KEN;KEN FOLLETT";DEBOLSILLO;1;14,96;14,96
9788497931427;VUELO FINAL;FOLLETT,KEN;DEBOLSILLO;1;12,95;12,95
9788466329507;EL UMBRAL DE LA ETERNIDAD (THE CENTURY 3);"FOLLETT,KEN;KEN FOLLETT";DEBOLSILLO;1;10,95;10,95
9788497595711;PAPEL MONEDA;"FOLLETT,KEN;KEN FOLLETT";DEBOLSILLO;1;12,95;12,95
9788415250883;DONDE NACE LA NOCHE;FORCHETTI, LAURA;FAKTORÍA K DE LIBROS;1;16,00;16,00
9788433924254;SÉ MÍA;FORD, RICHARD;EDITORIAL ANAGRAMA;1;21,90;21,90
9788412804676;CUENTOS DE LAS MIL Y UNA NOCHES;FORTI, MARTINA;GRIBAUDO;1;19,90;19,90
9788412394085;HISTORIAS MÁS BELLAS DE LA ODISEA, LAS;"FORTI, MARTINA;CINGOLI,";GRIBAUDO;1;19,90;19,90
9788410200616;HERMANA;FOSSE, JON;NÓRDICA LIBROS;1;16,50;16,50
9788417375140;TRILOGÍA;FOSSE, JON;DE CONATUS;1;18,90;18,90
9788417375966;SEPTOLOGÍA. OBRA COMPLETA;FOSSE, JON;DE CONATUS;1;36,00;36,00
9788417375546;LIMBO;FOX, DAN;DE CONATUS;1;17,90;17,90
9788437635781;LOS EXCESOS DEL GÉNERO;FRAISSE, GENEVIÈVE;EDICIONES CÁTEDRA;1;17,50;17,50
9788402429834;IBÁÑEZ MÍTICO 1 - HACHÍS... ¡SALUD!;FRANCISCO IBÁÑEZ;BRUGUERA;1;17,95;17,95
9788419490261;REDES SON NUESTRAS,LAS;FRANCO, MARTA G.;CONSONNI;1;21,50;21,50
9788466378567;DIARIO;FRANK, ANNE;DEBOLSILLO;1;12,95;12,95
9788425423871;EL HOMBRE EN BUSCA DE SENTIDO;FRANKL, VIKTOR;LAURA TEDESCO;1;5,00;5,00
9788410138285;CINCO MALAS ACCIONES;FREAR, CAZ;ADN EDITORIAL GRUPO ANAYA;1;21,95;21,95
9788491294283;ASISTENTA, LA;FREIDA MCFADDEN;SUMA DE LETRAS;2;19,90;9,95
9788410257733;TRAS LA PUERTA;FREIDA MCFADDEN;SUMA;1;20,90;20,90
9788491299707;LA PROFESORA;FREIDA MCFADDEN;SUMA DE LETRAS;1;20,90;20,90
9788410178168;EXTRAÑADOS,LOS;FREIRE,JORGE;LIBROS DEL ASTEROIDE;2;18,95;9,47
9788491816447;INTRUSIÓN [ADN].;FRENCH, TANA;ALIANZA EDITORIAL;1;11,95;11,95
9788437636047;LA MÍSTICA DE LA FEMINID;FRIEDAN, BETTY;EDICIONES CÁTEDRA;1;27,90;27,90
9788420656397;CUERPOS Y OFRENDAS;FUENTES, CARLOS;ALIANZA EDITORIAL;1;12,95;12,95
9788490664858;MISTRALIA;FUENTES, EUGENIO;TUSQUETS EDITORES;1;10,95;10,95
9788490663752;MANOS DEL PIANISTA,LAS;FUENTES,EUGENIO;TUSQUETS EDITORES;1;10,95;10,95
9788490662069;INTERIOR DEL BOSQUE,EL;FUENTES,EUGENIO;TUSQUETS EDITORES;2;21,90;10,95
9788416465958;UNA PANDILLA GENIAL. LAS GALLINAS LOCAS 1;FUNKE, CORNELIA;SIRUELA;1;13,95;13,95
9788416964352;UN VIAJE CON SORPRESA. LAS GALLINAS LOCAS 2;FUNKE, CORNELIA;SIRUELA;1;13,95;13,95
9788478447909;CORAZÓN DE TINTA;"FUNKE,C.; FUNKE, CORNELIA";SIRUELA;1;24,90;24,90
9788411488716;AZORÍN;FUSTER, FRANCISCO;ALIANZA EDITORIAL;1;22,50;22,50
9788417950644;LENGUA SUELTA,LA;"GABOR ; PONTE";EDITORIAL RENACIMIENTO;1;29,90;29,90
9788439704416;ENTRE CACHACOS;GABRIEL GARCÍA MÁRQUEZ;RANDOM HOUSE;1;21,90;21,90
9788439718574;DE EUROPA Y AMÉRICA (1955-1960);GABRIEL GARCÍA MÁRQUEZ;RANDOM HOUSE;1;36,00;36,00
9788490322765;TODOS LOS CUENTOS;GABRIEL GARCÍA MÁRQUEZ;DEBOLSILLO;1;12,95;12,95
9788466347297;EL AMOR EN LOS TIEMPOS DEL CÓLERA;GABRIEL GARCÍA MÁRQUEZ;DEBOLSILLO;1;10,95;10,95
9788439743071;EN AGOSTO NOS VEMOS;GABRIEL GARCÍA MÁRQUEZ;RANDOM HOUSE;1;19,90;19,90
9780307475770;LA MALA HORA;GABRIEL GARCÍA MÁRQUEZ;TUSQUETS EDITORES;1;6,00;6,00
9789200041525;VIVIR PARA CONTARLA;GABRIEL GARCÍA MÁRQUEZ;LAURA TEDESCO;1;8,00;8,00
9788439742630;LAS NIÑAS DEL NARANJEL;GABRIELA CABEZÓN CÁMARA;RANDOM HOUSE;1;18,90;18,90
9789873752889;YA TÚ SABES;GABRIELA ESQUIVADA;TUSQUETS EDITORES;1;8,00;8,00
9788412642636;HERMANA DEL DESVAN,LA;GABRIELSEN, GOHRIL;EDITORIAL LAS AFUERAS;1;18,95;18,95
9788433924322;PUÑADO DE FLECHAS, UN;GAINZA, MARÍA;EDITORIAL ANAGRAMA;2;35,80;17,90
9788412225297;UNA VIDA CRITICA;GAINZA,MARIA;CLAVE INTELECTUAL;1;19,90;19,90
9788412763249;TODO EL MUNDO SABE QUE TU MADRE ES UNA BRUJA;GALCHEN, RIVKA;EDITORIAL TRÁNSITO;1;21,00;21,00
9788410025172;VIAJE AL INFINITO (EDICIÓN GRAN FORMATO A TODO COL;GALFARD, CHRISTOPHE;BLACKIE BOOKS;2;69,80;34,90
9788419089892;EN UNA HABITACION AJENA;GALGUT, DAMON;LIBROS DEL ASTEROIDE;1;18,95;18,95
9788412478716;CHICAS NO LLORAN,LAS;GALLO,OLIVIA;EDICIONES ALPHA DECAY;1;15,90;15,90
9788475226750;POESÍA COMPLETA. 1940 - 2008;GARCÍA BAENA, PABLO;VISOR;2;32,00;16,00
9788416677856;PISTAS FALSAS;GARCIA CANCLINI,NESTOR;EDITORIAL SEXTO PISO;2;31,80;15,90
9788498956245;LA MADRE DEL FUTBOLISTA;GARCIA CASADO, PABLO;VISOR;2;36,00;18,00
9788418504433;SULFURO;GARCIA LAO, FERNANDA;CANDAYA,S.L;1;16,00;16,00
9788418504648;TEORIA DEL TACTO 2ªED;GARCIA LAO, FERNANDA;CANDAYA,S.L;1;16,00;16,00
9788415934721;NACION VACUNA;GARCIA LAO,FERNANDA;CANDAYA,S.L;1;15,00;15,00
9788433922151;GUAPOS, LOS;GARCÍA LLOVET, ESTHER;EDITORIAL ANAGRAMA;2;35,80;17,90
9788498958362;ANTOLOGÍA POÉTICA;GARCÍA LORCA, FEDERICO;VISOR;2;28,00;14,00
9788437600727;YERMA;GARCÍA LORCA, FEDERICO;EDICIONES CÁTEDRA;2;21,00;10,50
9788437601144;"POEMA DEL CANTE JONDO; R";GARCÍA LORCA, FEDERICO;EDICIONES CÁTEDRA;1;10,50;10,50
9788420671772;BODAS DE SANGRE;GARCÍA LORCA, FEDERICO;ALIANZA EDITORIAL;1;12,95;12,95
9788437604947;CIEN AÑOS DE SOLEDAD;GARCÍA MÁRQUEZ, GABRIEL;EDICIONES CÁTEDRA;2;31,00;15,50
9788475223162;HABITACIONES SEPARADAS;GARCÍA MONTERO, LUIS;VISOR;2;24,00;12,00
9788498959178;UN INVIERNO PROPIO;GARCÍA MONTERO, LUIS;VISOR;2;24,00;12,00
9788498958003;UN BALÓN ENVENENADO;GARCÍA MONTERO, LUIS;VISOR;2;24,00;12,00
9788498957884;VISTA CANSADA;GARCÍA MONTERO, LUIS;VISOR;2;20,00;10,00
9788437628486;ROPA DE CALLE;GARCÍA MONTERO, LUIS;EDICIONES CÁTEDRA;3;43,50;14,50
9788498952490;EL OFICIO COMO ÉTICA;GARCÍA MONTERO, LUIS;VISOR;2;36,00;18,00
9788420431956;LAS PALABRAS ROTAS;GARCÍA MONTERO, LUIS;ALFAGUARA;1;18,90;18,90
9788494909528;PRIMERA PERSONA;GARCÍA ROBAYO, MARGARITA;EDITORIAL TRÁNSITO;1;17,90;17,90
9788491043881;CIENCIA DE LA COMPASIÓN;"GARCÍA-CAMPAYO, JAVIER;";ALIANZA EDITORIAL;1;19,95;19,95
9788410148901;JOVEN BORGES. 1906-1930, EL;GARCIA, CARLOS;EDITORIAL RENACIMIENTO;1;24,90;24,90
9788412603927;SOLO QUERÍA BAILAR;GARCÍA, GRETA;EDITORIAL TRÁNSITO;1;18,00;18,00
9788419250469;MUCHO MÁS QUE HUMMUS;"GARCIA, MANEL;BUSCHMANN,";LAROUSSE;1;23,95;23,95
9788412757002;INCURSORAS,LAS;"GARRALON,ANA;";EDITORIAL LAS AFUERAS;3;53,85;17,95
9788437648057;LOS RECUERDOS DEL PORVEN;GARRO, ELENA;EDICIONES CÁTEDRA;2;47,00;23,50
9788412899009;TESTIMONIOS SOBRE MARIANA;GARRO, ELENA;BAMBA EDITORIAL;2;39,80;19,90
9788420431468;CUENTOS COMPLETOS;GARRO, ELENA;ALFAGUARA;1;22,90;22,90
9788413431949;UN GRAN DÍA DE PESCA;GASTÓ, JORDI;KALANDRAKA;1;12,00;12,00
9780578379326;LA REACCIÓN NECESARIA;GASTÓN BAQUERO;HOMAGNO;1;20,00;20,00
9788416227228;DEL COLOR DE LA TIERRA;"GASTONI ; GOBBI";LA OVEJA ROJA;1;16,00;16,00
9788494594786;CHILE 1970-1973 MIL DIAS QUE ESTREMECIERON AL MUND;GAUDICHAUD,FRANCK;EDITORIAL SYLONE;1;25,00;25,00
9788416290710;CÓMO SER BILL MURRAY;GAVIN EDWARDS;BLACKIE BOOKS;2;46,00;23,00
9788475225623;SIDNEY WEST Y OTROS POEMAS;GELMAN, JUAN;VISOR;2;28,00;14,00
9788498959222;AMARAMARA;GELMAN, JUAN;VISOR;1;15,00;15,00
9788498958720;HOY;GELMAN, JUAN;VISOR;2;28,00;14,00
9788419047366;DIARIO DEL LADRÓN;GENET, JEAN;EDITORIAL CABARET VOLTAIRE;1;22,95;22,95
9789200040894;MURDERS ON ALCATRAZ;GEORGE DEVINCENZI;LAURA TEDESCO;1;5,00;5,00
9798863021768;EL ÚLTIMO DÍA DEL ESTORNINO;GERARDO FERNÁNDEZ FE;AUDERE LIBROS;2;36,76;18,38
9798579374141;HOTEL SINGAPUR;GERARDO FERNÁNDEZ FE;AUDERE LIBROS;3;59,01;19,67
9788416205691;MUDANZA;GERBER BICECCI,VERONICA;CONSONNI;1;15,00;15,00
9788412779844;UTOPIAS COTIDIANAS;GHODSEE, KRISTEN;CAPITÁN SWING LIBROS;1;25,00;25,00
9788410346468;LA FRAGANCIA DEL MAÑANA;GIANNONE, FRANCESCA;DUOMO EDICIONES;1;19,90;19,90
9791387574727;CARTERA, LA (CAJA ED. ESPECIAL);GIANNONE, FRANCESCA;DUOMO EDICIONES;1;29,90;29,90
9788410183407;BRUJERÍA;GIBSON, MARION;SIRUELA;2;52,00;26,00
9788410346246;BIBLIOTECA DE LOS CORAZONES PRESTADOS, LA;GILMORE, LUCY;DUOMO EDICIONES;1;19,80;19,80
9788413430041;LOS VERSOS DEL LIBRO TONTO;GIMÉNEZ DE ORY, BEATRIZ;KALANDRAKA;1;16,00;16,00
9788437638393;LA LACTANCIA MATERNA;GIMENO, BEATRIZ;EDICIONES CÁTEDRA;1;20,50;20,50
9788475220765;LA CAÍDA DE AMÉRICA;GINSBERG, ALLEN;VISOR;2;32,00;16,00
9788417346607;EL CAMINO QUE VA A LA CIUDAD Y OTROS RELATOS;GINZBURG, NATALIA;ACANTILADO;1;14,00;14,00
9788495359667;LAS PEQUEÑAS VIRTUDES;GINZBURG, NATALIA;ACANTILADO;1;16,00;16,00
9788419036834;VALENTINO;GINZBURG, NATALIA;ACANTILADO;2;24,00;12,00
9788419583376;MILENA Q.;GIOBBI, ELISA;ALTAMAREA EDICIONES;1;18,90;18,90
9788418504358;TIEMPO DE LA IMPROVISACION,EL;GIORDANO,ALBERTO;CANDAYA,S.L;1;18,00;18,00
9786079436377;POR BREVE HERIDA;GLANTZ,MARGO;EDITORIAL SEXTO PISO;2;45,80;22,90
9786079436889;Y POR MIRARLO TODO NADA VEIA;GLANTZ,MARGO;EDITORIAL SEXTO PISO;2;35,80;17,90
9798833037546;CONCIERTO MAMBÍ;GLEYVIS CORO MONTANET;GATA ENCERRADA;10;150,00;15,00
9788419581747;CADA NOCHE A LAS NUEVE;GLOAG, JULIAN;IMPEDIMENTA;1;24,95;24,95
9788430598694;GLORIA FUERTES PARA NIÑOS;GLORIA FUERTES;SUSAETA;1;15,95;15,95
9788498955743;UNA VIDA DE PUEBLO;GLÜCK, LOUISE;VISOR;1;16,00;16,00
9788419008961;FAUSTO;GOETHE, JOHANN WOLFGANG;ABADA EDITORES;1;45,00;45,00
9788419834300;BUSCANDO A OSO;GOLD, HANNAH;DUOMO EDICIONES;1;18,00;18,00
9788418538537;ULTIMO OSO,EL 4ªED;GOLD,HANNAH;DUOMO EDICIONES;1;15,90;15,90
9788411487641;EL SEÑOR DE LAS MOSCAS [;GOLDING, WILLIAM;ALIANZA EDITORIAL;2;47,90;23,95
9788418504280;DESERTAR;"GOMEZ ; HARWICZ";CANDAYA,S.L;1;13,00;13,00
9788410074248;DANIELA PIRATA Y LA MALVADA CICLOPE 2ªED;"GOMEZ ; ISERN";NUBEOCHO;1;14,90;14,90
9788419253095;DANIELA Y LAS MUJERES PIRATA DE LA HISTORIA;"GOMEZ ; ISERN";NUBEOCHO;1;17,90;17,90
9788437637457;GEOGRAFÍA HUMANA DE LA R;GÓMEZ BRAVO, GUTMARO;EDICIONES CÁTEDRA;2;45,90;22,95
9788437644776;ESCLAVOS TERCER REICH;"GÓMEZ BRAVO, GUTMARO;";EDICIONES CÁTEDRA;1;22,95;22,95
9788475228013;POMBO;GÓMEZ DE LA SERNA, RAMÓN;VISOR;2;50,00;25,00
9788415117315;NIEVE ES NUESTRA,LA;GOMEZ OLIVARES,CRISTIAN;LUCES DE GALIBO GORBS;1;12,00;12,00
9791259575425;PROTOCOLO POP EL MANUAL DEFINITIVO DEL SABER ESTAR;GOMEZ Y VERDU, MARIA JOSE;MAGAZZINI SALANI;1;18,00;18,00
9788466668552;EL PACIENTE;GÓMEZ-JURADO, JUAN;B;1;22,90;22,90
9788466666497;LOBA NEGRA;GÓMEZ-JURADO, JUAN;B;1;22,90;22,90
9788413142357;LA LEYENDA DEL LADRÓN;GÓMEZ-JURADO, JUAN;B DE BOLSILLO;1;12,95;12,95
9788413142630;ESPÍA DE DIOS;GÓMEZ-JURADO, JUAN;B DE BOLSILLO;1;11,95;11,95
9788414336939;LOS MAPAS DEL AGUA;GÓMEZ, RICARDO;ANAYA INFANTIL Y JUVENIL;4;54,00;13,50
9788410406698;DANIELA PIRATA. TODAS SUS AVENTURAS;"GOMEZ;ISERN, SUSANNA";NUBEOCHO;2;57,80;28,90
9788413432342;¡A BAÑARSE!;GOMI, TARO;KALANDRAKA;1;16,00;16,00
9788430969128;EL PENSAMIENTO POLÍTICO;GONZÁLEZ CUEVAS, PEDRO;TECNOS;2;57,00;28,50
9788484724254;OYE MI SON;GONZALEZ ECHEVARRIA,ROBERTO;EDITORIAL RENACIMIENTO;1;22,00;22,00
9788419347480;ME DUELE RESPIRAR;GONZÁLEZ GUEVARA, WILLIAM;VALPARAÍSO EDICIONES;1;12,00;12,00
9788441546622;100 PERSONAS CAMB.HIST.M;GONZÁLEZ ROBLES, GUILLERMO;ANAYA MULTIMEDIA;1;21,95;21,95
9788496867246;DE SANGRE Y DE SOL;GONZALEZ RODRIGUEZ,SERGIO;EDITORIAL SEXTO PISO;2;34,00;17,00
9788413432915;EXPERTO EXCALADOR DE EXCALERAS;GONZÁLEZ, JAVIER;KALANDRAKA;1;16,00;16,00
9788410249134;PRIMERO ESTABA EL MAR;GONZALEZ, TOMAS;EDITORIAL SEXTO PISO;3;53,70;17,90
9788419261601;LUZ DIFICIL,LA 2ªED;GONZALEZ, TOMAS;EDITORIAL SEXTO PISO;2;33,80;16,90
9788419437969;EL CORSARIO;GONZÁLEZ, XUS;RESERVOIR BOOKS;1;20,90;20,90
9789200041419;FILOMENO, A MI PESAR;GONZALO TORRENTE BALLESTER;LAURA TEDESCO;1;6,00;6,00
9788410073357;HERETICUM;GORDILLO, ADRIANA;VALPARAÍSO EDICIONES;1;12,00;12,00
9788419261175;FIN DE LA NOVELA DE AMOR, EL 2ªED;GORNICK, VIVIAN;EDITORIAL SEXTO PISO;1;18,90;18,90
9788416677399;APEGOS FEROCES 17ªED;GORNICK,VIVIAN;EDITORIAL SEXTO PISO;2;39,80;19,90
9788416677627;MUJER SINGULAR Y LA CIUDAD,LA 5ªED;GORNICK,VIVIAN;EDITORIAL SEXTO PISO;1;17,90;17,90
9788418342141;CUENTAS PENDIENTES 2ªED;GORNICK,VIVIAN;EDITORIAL SEXTO PISO;2;37,80;18,90
9789878303406;CLAUDIA VUELVE;GORODISCHER,JULIAN;MAREA;1;16,00;16,00
9788437633350;EL PUENTE;GOROSTIZA, CARLOS;EDICIONES CÁTEDRA;1;14,50;14,50
9788419877178;UN VERANEO DE MUERTE 4ªED;GORTAZAR, GUILLERMO;EDICIONES ESPUELA DE PLATA;1;24,90;24,90
9788421688694;ASTÉRIX Y LOS JUEGOS G.C;GOSCINNY, RENÉ;EDITORIAL BRUÑO;1;21,50;21,50
9788437620527;DON JULIÁN;GOYTISOLO, JUAN;EDICIONES CÁTEDRA;2;33,90;16,95
9788433973009;ANTAGONÍA;GOYTISOLO, LUIS;EDITORIAL ANAGRAMA;1;29,90;29,90
9788419620095;SECRETO DE LA LIBRERA DE PARIS, EL 2ªED;GRAHAM, LILY;NEWTON COMPTON EDITORES;1;12,90;12,90
9788411075510;ESCALERA INTERIOR;GRANDES, ALMUDENA;TUSQUETS EDITORES;2;43,80;21,90
9788483835579;EDADES DE LULU,LAS;GRANDES,ALMUDENA;TUSQUETS EDITORES;1;11,95;11,95
9788410249158;NUEVOS LEVIATANES, LOS;GRAY, JOHN;EDITORIAL SEXTO PISO;2;41,80;20,90
9788418342530;FILOSOFIA FELINA / LOS GATOS Y EL SENTIDO DE LA VI;GRAY,JOHN;EDITORIAL SEXTO PISO;2;29,80;14,90
9788410249141;COMO DESAPARECER. UN RETRATO DE RADIOHEAD;GREENWOOD, COLIN;EDITORIAL SEXTO PISO;1;29,90;29,90
9788418945342;LA EMPERATRIZ;GRIFFIS, GIGI;CONTRALUZ EDITORIAL;2;41,90;20,95
9788419172402;CUENTOS DE HADAS DE LOS GRIMM;GRIMM;BLACKIE BOOKS;1;18,90;18,90
9788417742447;CANCIONES Y NANAS DE AMÉRICA LATINA;GROSLÉZIAT, CHANTAL;EDITORIAL KÓKINOS;3;75,00;25,00
9788491042945;ARTE EN ERA DE LO GLOBAL;GUASCH, ANNA MARÍA;ALIANZA EDITORIAL;1;33,95;33,95
9788437625614;HISTORIA DEL CINE ESPAÑO;"GUBERN, ROMÁN;MONTERDE,";EDICIONES CÁTEDRA;2;59,00;29,50
9788419738721;SHOSTAKÓVICH CONTRA STALIN;GÜELL, XAVIER;GALAXIA GUTENBERG;1;23,00;23,00
9788411483438;LA CARTA;GUERRA GARRIDO, RAÚL;ALIANZA EDITORIAL;2;37,90;18,95
9788433927255;DIFICULTAD DEL FANTASMA, LA;GUERRIERO, LEILA;EDITORIAL ANAGRAMA;2;29,80;14,90
9788420649771;ANTOLOGÍA POÉTICA;GUILLÉN, JORGE;ALIANZA EDITORIAL;2;29,80;14,90
9788410496231;ARDERÁ EL VIENTO (PREMIO ALFAGUARA DE NOVELA 2025);GUILLERMO SACCOMANNO;ALFAGUARA;1;19,90;19,90
9788413627953;MÁS ALLÁ DEL DOLOR;GUINOT, JOSÉ LUIS;ALIANZA EDITORIAL;2;37,90;18,95
9788410299009;ESTATUA, LA;GÜNTER GRASS;ALFAGUARA;1;16,90;16,90
9788419119469;SUBCAMPEON 4ªED;"GURRUTXAGA ; IZAGIRRE";LIBROS DEL K.O;1;22,90;22,90
9788430596645;GUSTAVO ADOLFO BÉCQUER PARA NIÑOS;GUSTAVO ADOLFO BÉCQUER;SUSAETA;1;15,95;15,95
9788417123581;VIVAN LAS UÑAS DE COLORES 11ªED;"GUSTI ; ACOSTA";NUBEOCHO;1;14,90;14,90
9788417552909;PERRO APESTOSO SE ENAMORA;GUTMAN, COLAS;BLACKIE BOOKS;1;13,90;13,90
9788419654465;PERRO APESTOSO Y LA MÁQUINA DEL TIEMPO;GUTMAN, COLAS;BLACKIE BOOKS;1;13,90;13,90
9788418733543;PERRO APESTOSO ¡FELIZ CUMPLEAÑOS!;GUTMAN, COLAS;BLACKIE BOOKS;2;27,80;13,90
9788419172211;PERRO APESTOSO Y SU PANDILLA;GUTMAN, COLAS;BLACKIE BOOKS;1;13,90;13,90
9788418342011;LO QUE QUEDA DE LUZ 4ªED;HADLEY,TESSA;EDITORIAL SEXTO PISO;2;39,80;19,90
9788410138407;BIBLIOTECA MEDIANOCHE;HAIG, MATT;ADN EDITORIAL GRUPO ANAYA;2;23,90;11,95
9788410138469;LA VIDA IMPOSIBLE;HAIG, MATT;ADN EDITORIAL GRUPO ANAYA;1;22,95;22,95
9788416407972;ORACULO MAGICO 8ªED;HAKSEVER, SEMRA;CINCO TINTAS;1;17,95;17,95
9788419089199;UN HIJO CUALQUIERA;HALFON, EDUARDO;LIBROS DEL ASTEROIDE;1;14,94;14,94
9788419089885;TARANTULA;HALFON, EDUARDO;LIBROS DEL ASTEROIDE;1;18,95;18,95
9788412642650;VIDA DE HORACIO;HALFON, MERCEDES;EDITORIAL LAS AFUERAS;1;17,95;17,95
9788415625773;MONASTERIO 6ªED;HALFON,EDUARDO;LIBROS DEL ASTEROIDE;1;13,95;13,95
9788416213498;SIGNOR HOFFMAN 4ªED;HALFON,EDUARDO;LIBROS DEL ASTEROIDE;1;13,95;13,95
9788417007195;DUELO 7ªED;HALFON,EDUARDO;LIBROS DEL ASTEROIDE;1;13,95;13,95
9788417977559;CANCION 3ªED;HALFON,EDUARDO;LIBROS DEL ASTEROIDE;1;14,96;14,96
9788494594045;SATURNO;HALFON,EDUARDO;JEKYLL & JILL;1;14,00;14,00
9788494594076;BIBLIOTECA BIZARRA 2ªED;HALFON,EDUARDO;JEKYLL & JILL;1;15,00;15,00
9788416167708;CLASES DE CHAPIN;HALFON,EDUARDO;FULGENCIO PIMENTEL;1;23,00;23,00
9788494983788;TRABAJO DE LOS OJOS,EL 4ªED;HALFON,MERCEDES;EDITORIAL LAS AFUERAS;1;14,96;14,96
9788412244014;DIARIO PINCHADO 2ªED;HALFON,MERCEDES;EDITORIAL LAS AFUERAS;3;47,85;15,95
9788410200630;PAN;HAMSUN, KNUT;NÓRDICA LIBROS;1;19,50;19,50
9788439743897;LA VEGETARIANA;HAN KANG;RANDOM HOUSE;1;20,90;20,90
9788410178427;SIETE AÑOS EN EL TIBET;HARRER, HEINRICH;LIBROS DEL ASTEROIDE;1;24,95;24,95
9788419988508;QUICKSILVER SAGA ALQUIMIA & FAE VOL 1 1ªED;HART, CALLIE;FAERIS EDITORIAL;10;239,50;23,95
9788490662410;EL ELEFANTE DESAPARECE;HARUKI MURAKAMI;TUSQUETS EDITORES;1;19,90;19,90
9788420667171;FOTOGRAFÍA Y ESPÍRITU;HARVEY, JOHN;ALIANZA EDITORIAL;2;43,00;21,50
9788433924056;PERDER EL JUICIO;HARWICZ, ARIANA;EDITORIAL ANAGRAMA;1;17,90;17,90
9788433948168;MATATE, AMOR;HARWICZ, ARIANA;EDITORIAL ANAGRAMA;2;37,80;18,90
9788416495429;EL LOCO DE LA PLAZA LIBERTAD;HASSAN BLASIM;TUSQUETS EDITORES;1;5,00;5,00
9788419456625;LAS MIRADAS DE MEDUSA;HAYNES, NATALIE;SALAMANDRA;1;22,00;22,00
9788418945465;JAQUE MATE AL AMOR;HAZELWOOD, ALI;CONTRALUZ EDITORIAL;2;41,00;20,50
9788418945700;LA TEORÍA DEL AMOR;HAZELWOOD, ALI;CONTRALUZ EDITORIAL;2;41,00;20,50
9788419822123;NO ES AMOR;HAZELWOOD, ALI;CONTRALUZ EDITORIAL;2;39,90;19,95
9788419822178;HIPÓTESIS AMOR(BOLSILLO);HAZELWOOD, ALI;CONTRALUZ EDITORIAL;2;21,00;10,50
9788467053616;EL TATUADOR DE AUSCHWITZ;HEATHER MORRIS;TUSQUETS EDITORES;1;6,00;6,00
9788420426402;OLVIDO QUE SEREMOS, EL;HÉCTOR ABAD FACIOLINCE;ALFAGUARA;1;20,90;20,90
9788412419917;TRIO 2ªED;HEDMAN,JOHANNA;GATOPARDO EDICIONES;1;22,95;22,95
9788410208322;LADRON DE SOL, EL;"HEMMING, ALICE ;SLATER,";EDICIONES JAGUAR;1;16,95;16,95
9791387596118;ENTRE DOS AGUAS;HENRÍQUEZ, CRISTINA;ADN EDITORIAL GRUPO ANAYA;2;43,00;21,50
9781948517942;CUBA TOTALITARIA;HENRY ERIC HERNÁNDEZ &;HYPERMEDIA EDICIONES;3;51,00;17,00
9786079644895;ARS CIVITAS;HENRY ERIC HERNÁNDEZ Y;NEANDERTHAL;4;60,00;15,00
9788498387209;ANTE TODO NO HAGAS DAÑO;HENRY MARSH;TUSQUETS EDITORES;1;8,00;8,00
9788449323171;LA SOMBRA DEL DICTADOR;HERALDO MUÑOZ;TUSQUETS EDITORES;1;8,00;8,00
9788412300680;PURO FLASH;HERNÁNDEZ CADENAS, MARTHA;EDITORIAL DOSMANOS;1;19,90;19,90
9788418082030;VIDA MUERTA,LA;HERNANDEZ MONTECINOS,;VALPARAÍSO EDICIONES;1;14,96;14,96
9788475225463;ANTOLOGÍA (M. HERNANDEZ);HERNÁNDEZ, MIGUEL;VISOR;1;12,00;12,00
9788437608532;VIENTO DEL PUEBLO;HERNÁNDEZ, MIGUEL;EDICIONES CÁTEDRA;2;21,90;10,95
9788416677818;ROZA TUMBA QUEMA 2ªED;HERNANDEZ,CLAUDIA;EDITORIAL SEXTO PISO;2;39,80;19,90
9788412435535;MARTIN FIERRO;HERNANDEZ,JOSE;EDICIONES TRASPIÉS;1;15,00;15,00
9788412204278;MIENTRAS PUDIMOS;HERRÁN DE VIU, PABLO;ALTAMAREA EDICIONES;1;18,90;18,90
9788410073500;LOCAS PIEDRAS DE ALEJANDRA,LAS;HERRERA BAULLOSA, EDUARDO;VALPARAÍSO EDICIONES;1;12,95;12,95
9788418997006;WELCOME TO MI;HERRERA BAULLOSA,EDUARDO;CUADERNOS DEL LABERINTO;1;14,00;14,00
9788418895623;LA TUMBA DE DIOS;HERRERA, JOSÉ MARÍA;TURNER;3;59,70;19,90
9788410138070;DE VUELO EN VUELO;HERRERA, JUAN;ADN EDITORIAL GRUPO ANAYA;2;39,90;19,95
9788418838545;ESTACION DEL PANTANO, LA;HERRERA, YURI;PERIFÉRICA;1;17,90;17,90
9788416291915;DIEZ PLANETAS;HERRERA,YURI;PERIFÉRICA;1;16,50;16,50
9788416291748;INCENDIO DE LA MINA EL BORDO,EL;HERRERA,YURI;PERIFÉRICA;1;14,00;14,00
9788492865055;TRABAJOS DEL REINO NE 7ªED;HERRERA,YURI;PERIFÉRICA;1;17,00;17,00
9788492865062;SEÑALES QUE PRECEDERAN AL FIN DEL MUNDO NE 8ªED;HERRERA,YURI;PERIFÉRICA;1;17,00;17,00
9788492865697;TRANSMIGRACION DE LOS CUERPOS,LA 3ªED;HERRERA,YURI;PERIFÉRICA;1;17,00;17,00
9788416854226;MI PATRIA ERA UNA SEMILLA DE MANZANA;HERTA MÜLLER;TUSQUETS EDITORES;1;5,00;5,00
9788416126484;¿JUGAMOS?;HERVÉ TULLET;EDITORIAL KÓKINOS;1;16,00;16,00
9788426425577;EL MIEDO;HESSE, MARÍA;LUMEN;1;22,90;22,90
9788419475305;¡UN BESO DE BUENAS NOCHES!;HEST, AMY;EDITORIAL KÓKINOS;1;14,90;14,90
9788498959963;POESÍAS COMPLETAS (1947-2002);HIERRO, JOSÉ;VISOR;2;40,00;20,00
9788498958270;POEMAS - JOSÉ HIERRO;HIERRO, JOSÉ;VISOR;2;24,00;12,00
9788412699074;EL HECHIZO DEL VERANO;HIGA, VIRGINIA;SIGILO EDITORIAL;2;36,00;18,00
9788412816082;LOS SORRENTINOS;HIGA, VIRGINIA;SIGILO EDITORIAL;2;36,00;18,00
9788433959966;CAROL - BPH;HIGHSMITH, PATRICIA;EDITORIAL ANAGRAMA;2;29,80;14,90
9788433961068;TALENTO DE MR. RIPLEY, EL - BPH;HIGHSMITH, PATRICIA;EDITORIAL ANAGRAMA;1;14,90;14,90
9788475227962;ANTOLOGÍA (HIKMET);HIKMET, NAZIM;VISOR;2;15,00;7,50
9788410138063;WELLNESS;HILL, NATHAN;ADN EDITORIAL GRUPO ANAYA;2;49,90;24,95
9788419243546;JOHANN SEBASTIAN BACH;HINDEMITH, PAUL;TRES HERMANAS;1;14,00;14,00
9788419346001;LAS DELICIOSAS HISTORIAS DE LA TABERNA KAMOGAWA;HISASHI KASHIWAI;SALAMANDRA;1;20,00;20,00
9788498380767;SOLO EN EL MUNDO;HISHAM MATAR;TUSQUETS EDITORES;1;6,00;6,00
9788410346239;MARAVILLAS DE LA TIENDA DE CHEONGPA-DONG, LAS;HO-YEON, KIM;DUOMO EDICIONES;1;18,00;18,00
9788420477817;POR QUÉ TE VAS;HOCHMAN, IVÁN;ALFAGUARA;1;17,90;17,90
9788475220444;POEMAS;HÖLDERLING, FRIEDRICH;VISOR;2;24,00;12,00
9788419693839;JAGUAR, EL;HOLLAND- BATT, SARAH;VASO ROTO EDICIONES;1;23,00;23,00
9788419703637;GRAN SEMANA, LA;HOLLAND, JAMES;ATICO DE LOS LIBROS;1;32,95;32,95
9788418733918;ILÍADA;HOMERO;BLACKIE BOOKS;2;65,80;32,90
9788439738756;EL HOMBRE AMANSADO / THE TAMED MAN;HORACIO CASTELLANOS MOYA;RANDOM HOUSE;1;18,90;18,90
9788439734055;MORONGA (SPANISH EDITION);HORACIO CASTELLANOS MOYA;RANDOM HOUSE;1;19,90;19,90
9788439739326;TIRANA MEMORIA / TYRANT MEMORY;HORACIO CASTELLANOS MOYA;RANDOM HOUSE;1;20,90;20,90
9788433967305;PARTICULAS ELEMENTALES LAS - CM;HOUELLEBECQ, MICHEL;EDITORIAL ANAGRAMA;2;31,80;15,90
9788433981219;ANIQUILACIÓN;HOUELLEBECQ, MICHEL;EDITORIAL ANAGRAMA;1;25,90;25,90
9788433960405;SUMISIÓN - CM;HOUELLEBECQ, MICHEL;EDITORIAL ANAGRAMA;1;13,90;13,90
9788412862614;MAR EN CALMA Y FELIZ VIAJE;HOWLAND, BETTE;EDITORIAL TRÁNSITO;2;47,90;23,95
9788466661782;WAGAMAMA. COCINAR CON NOODLES;HUGO ARNOLD;B;1;14,90;14,90
9788469866405;LOS MISERABLES;HUGO, VÍCTOR;ANAYA INFANTIL Y JUVENIL;1;13,95;13,95
9788475220413;ALTAZOR;HUIDOBRO, VICENTE;VISOR;1;12,00;12,00
9788498955149;ÚLTIMOS POEMAS;HUIDOBRO, VICENTE;VISOR;2;28,00;14,00
9788419158642;OASIS,EL;HUREAU,SIMON;ERRATA NATURAE EDITORES;1;24,50;24,50
9788413431727;EL COMEDOR DE LA ABUELA;HURTADO, PILAR;KALANDRAKA;1;16,00;16,00
9788418668708;LIBRO DE LAS BRUJAS, EL 2ªED;HUSAIN, SHAHRUKH;IMPEDIMENTA;1;26,95;26,95
9788414341636;UN MUNDO FELIZ;HUXLEY, ALDOUS;ANAYA INFANTIL Y JUVENIL;2;27,90;13,95
9788412591101;SOBRE MI HIJA 2ªED;HYE-JIN, KIM;EDITORIAL LAS AFUERAS;1;17,95;17,95
9788412757026;SOY TODA OIDOS;HYE-JIN, KIM;EDITORIAL LAS AFUERAS;2;37,90;18,95
9788497110006;SÁBADO;IAN MCEWAN;TUSQUETS EDITORES;1;4,00;4,00
9788417971632;NUNCA PREGUNTES SU NOMBRE A UN PÁJARO;IBÁÑEZ, ANDRÉS;GALAXIA GUTENBERG;2;35,80;17,90
9788419738967;BRILLA, MAR DEL EDÉN;IBÁÑEZ, ANDRÉS;GALAXIA GUTENBERG;1;29,00;29,00
9788417088057;MAESTRO DE LAS SENSACIONES, UN;IBÁÑEZ, ANDRÉS;GALAXIA GUTENBERG;2;44,00;22,00
9788419436825;¿TU HIJO AÚN NO SABE QUÉ;IBÁÑEZ, ELENA;LAROUSSE;1;19,50;19,50
9788419490315;BAR GLORIA;IBARZABAL, NEREA;CONSONNI;1;19,50;19,50
9788491818090;EL AROMA DE LOS LIBROS (;ICARDI, DESY;ALIANZA EDITORIAL;1;21,95;21,95
9788410138926;PASTELERA MEDIANOCHE;ICARDI, DESY;ADN EDITORIAL GRUPO ANAYA;1;22,95;22,95
9788419834713;NERON;IGGULDEN, CONN;DUOMO EDICIONES;2;45,80;22,90
9788416434749;MARCELINA EN LA COCINA 12ªED;"IGLESIAS ; SANCHEZ";EDICIONES JAGUAR;1;15,95;15,95
9788419188496;ANGELA;IGLESIAS, GERVASIO;EL PASEO EDITORIAL;1;20,95;20,95
9788432243837;ROPA DE CASA;IGNACIO MARTINEZ DE PISON;TUSQUETS EDITORES;1;20,90;20,90
9788425340031;LA CATEDRAL DEL MAR;ILDEFONSO FALCONES;GRIJALBO;1;6,00;6,00
9788418694240;UN POEMA PARA EMILY DICKINSON;ILDEFONSO HUANCA,MIGUEL;VALPARAÍSO EDICIONES;1;12,00;12,00
9788433901798;LA MAESTRA Y LA BESTIA;IMMA MONSÓ;LAURA TEDESCO;1;7,00;7,00
9788416291083;MUCAMA DE OMICUNLE,LA 7ªED;INDIANA,RITA;PERIFÉRICA;1;18,00;18,00
9788416291663;HECHO EN SATURNO 3ªED;INDIANA,RITA;PERIFÉRICA;1;18,00;18,00
9788492865406;PAPI 3ªED;INDIANA,RITA;PERIFÉRICA;1;19,50;19,50
9788492865802;NOMBRES Y ANIMALES 3ªED;INDIANA,RITA;PERIFÉRICA;1;18,00;18,00
9788411325424;REY Y EL RELOJERO, EL;INDRIDASON, ARNALDUR;RBA;2;45,80;22,90
9791387652814;DAMA DE LA CARTUJA, LA;INMA AGUILERA;B;1;12,95;12,95
9788466678667;LA DAMA DE LA CARTUJA / THE LADY OF LA CARTUJA;INMA AGUILERA;B;1;22,90;22,90
9788417517458;MI MADRE 3ªED;INOUE,YASUSHI;EDITORIAL SEXTO PISO;2;37,80;18,90
9788491818816;CARTAS DESDE EL GULAG;IORDACHE, LUIZA;ALIANZA EDITORIAL;1;18,95;18,95
9788498387452;LA PRESA;IRÈNE NÉMIROVSKY;SALAMANDRA;1;19,00;19,00
9788495642196;DE NUEVA YORK A GRANADA;IRVING, WASHINGTON;PÁGINAS DE ESPUMA SL;1;19,97;19,97
9788401352959;PAULA;ISABEL ALLENDE;PLAZA&JANES;1;24,90;24,90
9788401023668;MUJERES DEL ALMA MÍA;ISABEL ALLENDE;PLAZA&JANES;1;21,90;21,90
9788466360760;MI PAÍS INVENTADO;ISABEL ALLENDE;DEBOLSILLO;1;10,95;10,95
9788466360661;RETRATO EN SEPIA;ISABEL ALLENDE;DEBOLSILLO;1;12,95;12,95
9788401019098;LA NINFA DE PORCELANA / THE PORCELAIN NYMPH;ISABEL ALLENDE;PLAZA&JANES;1;16,90;16,90
9788466374613;VIENTO CONOCE MI NOMBRE, EL;ISABEL ALLENDE;DEBOLSILLO;1;13,95;13,95
9788401382109;EVA LUNA;ISABEL ALLENDE;TUSQUETS EDITORES;1;6,00;6,00
9788466353939;LA VISIGODA / THE VISIGOTH;ISABEL SAN SEBASTIAN;DEBOLSILLO;1;12,95;12,95
9788466363082;LA CÁTARA / THE CATHARI WOMAN;ISABEL SAN SEBASTIÁN;DEBOLSILLO;1;12,95;12,95
9788466357654;LAS CAMPANAS DE SANTIAGO;ISABEL SAN SEBASTIÁN;DEBOLSILLO;1;10,95;10,95
9788448865641;MAMÁ;ISERN, SUSANNA;BEASCOA;1;19,95;19,95
9788418481451;LO QUE SÉ DE NOSOTROS;ITURRIZA MENDIA, AITOR;ALTAMAREA EDICIONES;2;39,80;19,90
9789877223279;LULA;IVANA JINKINGS;CLACSO;1;5,00;5,00
9788411486576;PASIÓN NAILS;IZQUIERDO, ROSARIO;ALIANZA EDITORIAL;1;18,50;18,50
9788419521491;S. EL BARCO DE TESEO;"J. J. ABRAMS;DOUG DORST";DUOMO EDICIONES;1;49,00;49,00
9788478889952;HARRY POTTER Y EL MISTERIO DEL PRINCIPE;J. K. ROWLING;LAURA TEDESCO;1;6,00;6,00
9780747581086;HARRY POTTER;J. K. ROWLING;LAURA TEDESCO;1;7,00;7,00
9788410163621;TRONO DE CRISTAL (EDICION ESPECIAL LIMITADA);J. MAAS, SARAH;EDITORIAL HIDRA;3;53,00;17,67
9788410163744;REINA DE SOMBRAS;J. MAAS, SARAH;EDITORIAL HIDRA;1;22,00;22,00
9788418359286;TRONO DE CRISTAL 12ªED;J. MAAS,SARAH;EDITORIAL HIDRA;1;19,00;19,00
9788420478807;MALAHERBA;JABOIS, MANUEL;ALFAGUARA;1;17,90;17,90
9788419822956;AÚN NO ESTOY MUERTA;JACKSON, HOLLY;CONTRALUZ EDITORIAL;2;39,90;19,95
9788410080645;UN ASESINATO EN BAKER STREET;JACKSON, LEE;NEWTON COMPTON EDITORES;1;12,90;12,90
9788418342264;MALA SENDA,LA;JACOBO,SALVADOR;EDITORIAL SEXTO PISO;1;19,90;19,90
9788411487207;TIEMPO DE LOBOS;JÄHNER, HARALD;ALIANZA EDITORIAL;1;29,95;29,95
9788416685820;ELOGIO DEL TEDIO ENCOMIO DEL VIAJE;"JALIFE ; PASCUAL";EDITORIAL RENACIMIENTO;1;22,00;22,00
9781594519932;OBAMA IN OFFICE;JAMES A. THURBER;LAURA TEDESCO;1;6,00;6,00
9788418118036;HABITOS ATOMICOS;JAMES CLEAR;DIANA EDITORIAL;2;39,80;19,90
9788439724988;EL ÚLTIMO TESTAMENTO;JAMES FREY;RANDOM HOUSE;1;20,90;20,90
9788439738886;EN MIL PEDAZOS;JAMES FREY;RANDOM HOUSE;1;22,90;22,90
9788439738039;KATERINA;JAMES FREY;RANDOM HOUSE;1;21,90;21,90
9788439721970;UNA MAÑANA RADIANTE;JAMES FREY;RANDOM HOUSE;1;24,90;24,90
9788498380637;POR AMOR AL PUEBLO;JAMES MEEK;TUSQUETS EDITORES;1;8,00;8,00
9788483932681;CUENTOS COMPLETOS (1895-1910);"JAMES, HENRY; JAMES, HENRY";PÁGINAS DE ESPUMA SL;1;41,93;41,93
9788483932438;CUENTOS COMPLETOS (1879-1894);"JAMES, HENRY; JAMES, HENRY";PÁGINAS DE ESPUMA SL;1;41,93;41,93
9788416087082;LO QUE DE VERDAD IMPORTA;JAN GOLDSTEIN;TUSQUETS EDITORES;1;4,00;4,00
9788491053750;LA ABADÍA DE NORTHANGER / NORTHANGER ABBEY (COMMEMORATIVE EDITION);JANE AUSTEN;PENGUIN CLÁSICOS;1;12,95;12,95
9781668008980;MISS MORGAN'S BOOK BRIGADE;JANET SKESLIEN CHARLES;TUSQUETS EDITORES;1;10,00;10,00
9788413432106;EL TIGRE Y EL OSO EN LA CIUDAD;JANOSCH;KALANDRAKA;1;16,00;16,00
9788410025066;UN VIAJE PELIGROSO;JANSSON, TOVE;BLACKIE BOOKS;2;35,80;17,90
9786078895021;FERAL;JAUREGUI, GABRIELA;EDITORIAL SEXTO PISO;2;39,80;19,90
9788417517168;TSUNAMI MEXICO;JAUREGUI,GABRIELA;EDITORIAL SEXTO PISO;2;33,80;16,90
9788466344142;EL MONARCA DE LAS SOMBRAS;JAVIER CERCAS;DEBOLSILLO;1;12,95;12,95
9788466329378;SOLDADOS DE SALAMINA;JAVIER CERCAS;TUSQUETS EDITORES;1;4,00;4,00
9788439745297;LOCO DE DIOS EN EL FIN DEL MUNDO. EL;JAVIER CERCAS;RANDOM HOUSE;1;23,90;23,90
9789200040443;EL CASTILLO DE BARBAZUL;JAVIER CERCAS;LAURA TEDESCO;1;6,00;6,00
9788420454597;TOMÁS NEVINSON;JAVIER MARIAS;ALFAGUARA;1;22,90;22,90
9788483462850;CUENTOS ÚNICOS;JAVIER MARÍAS;DEBOLSILLO;1;12,95;12,95
9788420475714;JURO NO DECIR NUNCA LA VERDAD;JAVIER MARÍAS;ALFAGUARA;1;18,90;18,90
9791387846039;ASÍ QUE PASEN TREINTA AÑOS;JAVIER MARÍAS;ALFAGUARA;1;19,90;19,90
9788401019425;CONFINES;JAVIER MARTÍNEZ REVERTE;PLAZA&JANES;1;22,90;22,90
9788408296966;EL PLAN MAESTRO;JAVIER SIERRA;TUSQUETS EDITORES;2;45,80;22,90
9788475221250;RUBAIYYAT;JAYYAM, OMAR;VISOR;2;24,00;12,00
9788419036469;EL AFFAIRE ARNOLFINI;JEAN-PHILIPPE, POSTEL;ACANTILADO;2;24,00;12,00
9788426426307;DÍAS DE FANTASMAS;JEANETTE WINTERSON;LUMEN;2;43,80;21,90
9788427216907;DIARIO DE GREG 16: EL NÚMERO 1;JEFF KINNEY;MOLINO;1;15,95;15,95
9788427234314;DIARIO DE GREG 18 - DESCEREBRADOS;JEFF KINNEY;MOLINO;2;31,90;15,95
9788427242760;DIARIO DE GREG 19 - EN SU SALSA;JEFF KINNEY;MOLINO;2;31,90;15,95
9788416394999;ESTAMOS AQUI;JEFFERS, OLIVER;ANDANA EDITORIAL;1;16,50;16,50
9788419913135;VOLVER A EMPEZAR;JEFFERS,OLIVER;ANDANA EDITORIAL;1;24,90;24,90
9788469667323;CAPERUCITA ROJA;JENKINS, CARA;EDITORIAL BRUÑO;1;14,50;14,50
9788494379055;MI ABUELO ME HABRÍA PEGADO UN TIRO;JENNIFER TEEGE;TUSQUETS EDITORES;1;5,00;5,00
9788412875287;VIAJE ALREDEDOR DE LAS ARISTAS DE UN CUCHILLO;JESUS ANTON;EDITORIAL POSIDONIA;1;14,90;14,90
9786075936246;ARTILLERÍA PESADA;JESÚS HDEZ-GÜERO;RIALTA EDICIONES;1;20,00;20,00
9788417678081;DIRECTOR,EL 13ªED;JIMENEZ GARCIA,DAVID;LIBROS DEL K.O;1;18,90;18,90
9788419261335;NO TODO EL MUNDO 7ªED;JIMENEZ SERRANO, MARTA;EDITORIAL SEXTO PISO;5;94,50;18,90
9788417977948;MAL DORMIR,EL 4ªED;JIMENEZ TORRES,DAVID;LIBROS DEL ASTEROIDE;1;16,95;16,95
9788466378550;CALLA CANALLA;JIMÉNEZ, MARÍA;DEBOLSILLO;1;13,95;13,95
9789877900354;VUELTA INCOMPLETA,LA;JITRIK,NOE;INTERZONA;1;15,00;15,00
9789505567430;EN VENEZUELA;JOAQUIN SANCHEZ MARIÑO;LAURA TEDESCO;1;5,00;5,00
9788410496002;MUY CATASTRÓFICA VISITA AL ZOO, LA;JOËL DICKER;ALFAGUARA;2;39,80;19,90
9788419213013;ZOOCITIES. ANIMALES SALVAJES EN LA CIUDAD;JOËLLE ZASK;FAKTORÍA K DE LIBROS;1;18,00;18,00
9788467053661;FAUSTO;JOHANN WOLFGANG VON GOETHE;TUSQUETS EDITORES;1;11,95;11,95
9788410299788;NOCTURNO DE VENECIA;JOHN BANVILLE;ALFAGUARA;1;21,90;21,90
9780670918027;RACE OF A LIFETIME;JOHN HEILEMAN & MARK;LAURA TEDESCO;1;6,00;6,00
9788437646701;PPLES. CONCEP. Tª FEMINI;JOHNSON, ROBERTA;EDICIONES CÁTEDRA;1;20,95;20,95
9781912454846;CITIZENS;JON ALEXANDER;TUSQUETS EDITORES;1;5,00;5,00
9788439744061;BLANCURA;JON FOSSE;RANDOM HOUSE;1;17,90;17,90
9788466363976;PURGATORIO;"JON SISTIAGA;190";DEBOLSILLO;1;12,95;12,95
9788412899504;EL DÍA D;JONATHAN TRIGG;EDITORIAL PASADO Y PRESENTE;1;33,00;33,00
9789492260604;LA DESTRUCCIÓN POR EL SONETO;JORGE BRIOSO;ALMENARA;5;180,00;36,00
9788412379808;CUADERNOS CARCELARIOS;JORGE CARPIO;HURÓN AZUL;2;32,00;16,00
9788409747566;EL ENCAUZADOR DE ESPÍRITUS;JORGE DAZA;JORGE DAZA;3;47,85;15,95
9788408081425;LA CASA DE DOSTOIEVSKY;JORGE EDWARDS;TUSQUETS EDITORES;1;8,00;8,00
9788408082255;LA CASA DE DOSTOIEVSKY;JORGE EDWARDS;TUSQUETS EDITORES;1;6,00;6,00
9788420416335;EL MUNDO DE AFUERA;JORGE FRANCO;TUSQUETS EDITORES;1;8,00;8,00
9789871474158;EL CAUDILLO;JORGE G. BORGES;LAURA TEDESCO;1;4,00;4,00
9788415740797;CONSPIRADORES, LOS;JORGE IBARGUENGOITIA;MENOSCUARTO EDICIONES;1;17,90;17,90
9788087656495;EL CASTIGO;JORGE LUIS ARCOS;EDICIONES INCUBADORA;1;15,90;15,90
9788499089492;HISTORIA UNIVERSAL DE LA INFAMIA;JORGE LUIS BORGES;DEBOLSILLO;1;10,95;10,95
9788426425966;CUENTOS COMPLETOS;JORGE LUIS BORGES;LUMEN;2;61,80;30,90
9798649674614;QUÉ DIJERON LOS ANIMALES;JORGE LUIS PORRATA;HOMAGNO;8;80,00;10,00
9788467787740;HISTORIA DE LAS MONEDAS. DESDE LA PREHISTORIA A LA ACTUALIDAD;"JORGE MONTORO;MONTORO";SUSAETA;1;19,95;19,95
9788483068625;EL INSOMNIO DE BOLÍVAR;JORGE VOLPI;TUSQUETS EDITORES;1;6,00;6,00
9788412624885;MISERICORDIA;JORGE, LIDIA;LIBROS DE LA UMBRIA Y LA;1;25,00;25,00
9788075210876;CIERRA LOS OJOS, NO RESPIRES;JOSÉ ALBERTO VELÁZQUEZ;FRA;1;12,90;12,90
9788413430652;CARNAVAL DE LOS ANIMALES, EL (N.E);JOSÉ ANTONIO ABAD VARELA;KALANDRAKA;1;16,00;16,00
9788412503999;ESTACIÓN PERMANENTE;JOSÉ ANTONIO FUNES;EDITORIAL GRAVIOLA;1;12,95;12,95
9788412379815;DEL CUERPO Y LA NOCHE INSULAR;JOSÉ ANTONIO MICHELENA;HURÓN AZUL;2;32,00;16,00
9788491053804;MARTÍN FIERRO (SPANISH EDITION);JOSÉ HERNÁNDEZ;PENGUIN CLÁSICOS;1;10,95;10,95
9798434973106;IMAGO MUNDI V;JOSÉ KOZER;EDICIONES FURTIVAS;2;36,00;18,00
9789566267324;OSCURA PRADERA 37 POEMAS;JOSE LEZAMA LIMA;LA POLLERA EDICIONES;1;14,00;14,00
9788468582016;EL AÑO DE LA RANA;JOSÉ MARÍA BARRADO;JOSÉ MARÍA BARRADO;3;51,00;17,00
9789500210362;MI PLANTA DE NARANJA LIMA;JOSE MAURO DE VASCONCELOS;LAURA TEDESCO;1;4,00;4,00
9789500285339;MI PLANTA NARANJA-LIMA;JOSÉ MAURO VASCONCELOS;LAURA TEDESCO;1;4,00;4,00
9788419835697;MALDICION DEL SI QUIERO, LA;JOSÉ MOLA;SUMA DE LETRAS;1;22,90;22,90
9788419951960;VENEZUELA;JOSÉ NATANSON;DEBATE;1;17,90;17,90
9788420434599;EL CUADERNO DEL AÑO DEL NOBEL / THE NOBEL YEAR NOTEBOOK;JOSE SARAMAGO;ALFAGUARA;1;18,90;18,90
9788420442280;LA CAVERNA;JOSE SARAMAGO;LAURA TEDESCO;1;6,00;6,00
9788420405094;CAÍN;JOSÉ SARAMAGO;TUSQUETS EDITORES;1;6,00;6,00
9789870401070;POESÍA COMPLETA;JOSÉ SARAMAGO;LAURA TEDESCO;1;8,00;8,00
9788420401553;EN LA DISTANCIA;JOSEFINA ALDECOA;LAURA TEDESCO;1;6,00;6,00
9788466320696;HISTORIA DE UNA MAESTRA;JOSEFINA ALDECOA;LAURA TEDESCO;1;5,00;5,00
9788432237645;AZAÑA. LOS QUE LE LLAMABAMOS DON MANUEL;JOSEFINA CARABIAS;TUSQUETS EDITORES;1;20,00;20,00
9788495587374;VIAJE A RUSIA;JOSEPH ROTH;LAURA TEDESCO;1;5,00;5,00
9791399108880;NUESTROS SILENCIOS;JOSEPH, LAURENCE;GATOPARDO EDICIONES;1;18,95;18,95
9788413432144;LA PEQUEÑA FAMILIA;JOSLIM, SESYLE;KALANDRAKA;1;16,00;16,00
9788420477954;CARNICERO;JOYCE CAROL OATES;ALFAGUARA;1;22,90;22,90
9788410496293;EL SEÑOR FOX;JOYCE CAROL OATES;ALFAGUARA;1;26,90;26,90
9788475220079;POEMAS MANZANAS;JOYCE, JAMES;VISOR;2;24,00;12,00
9788475227184;POESÍA COMPLETA;JOYCE, JAMES;VISOR;1;14,00;14,00
9788411480345;DUBLINESES;JOYCE, JAMES;ALIANZA EDITORIAL;2;27,90;13,95
9788413628646;ULISES;JOYCE, JAMES;ALIANZA EDITORIAL;2;51,90;25,95
9788417375089;LOS MUERTOS;JOYCE, JAMES;DE CONATUS;2;24,00;12,00
9788448863722;Y EL JADE ENCANTADO;"JUAN CARLOS BONACHE;INÉS";BEASCOA;1;9,95;9,95
9788408296225;RECONCILIACIÓN;JUAN CARLOS I;TUSQUETS EDITORES;1;24,90;24,90
9788410702691;LAS DERECHAS EN LA ESPAÑA DE LA POSMODERNIDAD;"JUAN CARLOS JIMÉNEZ REDONDO;";EDITORIAL DYKINSON;1;35,00;35,00
9788466330978;NOVELAS BREVES;JUAN CARLOS ONETTI;DEBOLSILLO;1;12,95;12,95
9788466330961;EL POZO. NOVELAS BREVES #1 / THE WELL;JUAN CARLOS ONETTI;DEBOLSILLO;1;12,95;12,95
9788466334600;CUENTOS COMPLETOS. JUAN CARLOS ONETTI / COMPLETE WORKS. JUAN CARLOS ONETTI;JUAN CARLOS ONETTI;DEBOLSILLO;1;14,96;14,96
9788466334280;DEJEMOS HABLAR AL VIENTO;JUAN CARLOS ONETTI;DEBOLSILLO;1;12,95;12,95
9789584296481;UNA CONVERSACIÓN PENDIENTE;JUAN CARLOS TORRES;TUSQUETS EDITORES;1;8,00;8,00
9788408311614;VERA, UNA HISTORIA DE AMOR;JUAN DEL VAL;TUSQUETS EDITORES;2;43,80;21,90
9788413143231;CICATRIZ;JUAN GÓMEZ-JURADO;B DE BOLSILLO;1;10,95;10,95
9788413149011;REINA ROJA (EDICIÓN ESPECIAL SERIE PRIME) (ANTONIA;JUAN GÓMEZ-JURADO;B DE BOLSILLO;1;14,96;14,96
9788418054525;AMANDA BLACK 3. EL ÚLTIMO MINUTO;JUAN GÓMEZ-JURADO;B DE BLOK;2;31,90;15,95
9788466679923;TODO MUERE;JUAN GÓMEZ-JURADO;B;3;74,70;24,90
9788466675680;TODO VUELVE (TODO ARDE 2);JUAN GÓMEZ-JURADO;B;1;23,90;23,90
9788466680455;REINA ROJA. EL DESAFÍO;JUAN GÓMEZ-JURADO;B;2;35,80;17,90
9788419378309;AMANDA BLACK 8 - EL REINO PERDIDO;"JUAN GÓMEZ-JURADO;BÁRBARA";B DE BLOK;2;31,90;15,95
9788415862444;VER, OIR Y CALLAR;JUAN JOSÉ MARTÍNEZ;TUSQUETS EDITORES;1;5,00;5,00
9788467073058;MIL OJOS ESCONDE LA NOCHE. LA CIUDAD SIN LUZ;JUAN MANUEL DE PRADA;TUSQUETS EDITORES;1;24,90;24,90
9788467074635;MIL OJOS ESCONDE LA NOCHE 2. CARCEL DE TINIEBLAS;JUAN MANUEL DE PRADA;TUSQUETS EDITORES;1;24,90;24,90
9788412440768;APUNTES SOBRE PINTURA;JUAN MANUEL URÍA;EDITORIAL POLIBEA;1;12,00;12,00
9788430531042;PLATERO Y YO Y OTRAS POESÍAS PARA NIÑOS;JUAN RAMÓN JIMÉNEZ;SUSAETA;1;15,95;15,95
9788410290105;PEDRO PÁRAMO EDICIÓN CONMEMORATIVA 70 AÑOS, 1955-2;JUAN RULFO;RM VERLAG SL;1;24,95;24,95
9788439741619;LA FIGURA DEL MUNDO;JUAN VILLORO;RANDOM HOUSE;1;21,90;21,90
9788491221395;CUANDO HITLER ROBÓ EL CONEJO ROSA;JUDITH KERR;LOQUELEO;1;12,95;12,95
9788401016950;;JULIA NAVARRO;PLAZA&JANES;1;24,90;24,90
9788401024924;;JULIA NAVARRO;PLAZA&JANES;1;22,90;22,90
9788401335518;;JULIA NAVARRO;PLAZA&JANES;1;24,90;24,90
9788401037078;;JULIA NAVARRO;PLAZA&JANES;2;43,80;21,90
9788499087566;;JULIA NAVARRO;DEBOLSILLO;1;6,00;6,00
9788419848079;;JULIA. MORENO;MONTENA;1;18,95;18,95
9788491990116;;JULIAN CASANOVA;EDITORIAL CRÍTICA;1;15,90;15,90
9788408287452;;JULIAN CASANOVA;TUSQUETS EDITORES;1;11,95;11,95
9788491997160;;JULIAN CASANOVA;EDITORIAL CRÍTICA;1;22,90;22,90
9788498973112;;JULIÁN DEL CASAL;LINKGUA EDICIONES;1;32,00;32,00
9789588979663;;JULIÁN MALATESTA;TUSQUETS EDITORES;1;8,00;8,00
9789500208352;;JULIE FRÉDÉRIQUE;TUSQUETS EDITORES;1;5,00;5,00
9788466331913;;JULIO CORTÁZAR;DEBOLSILLO;1;12,95;12,95
9788466319058;;JULIO CORTÁZAR;LAURA TEDESCO;1;7,00;7,00
9788075210265;;JULIO JIMÉNEZ;FRA;1;12,90;12,90
9788420479279;;JULIO LLAMAZARES;ALFAGUARA;2;41,80;20,90
9788420461410;;JULIO RAMÓN RIBEYRO;ALFAGUARA;1;26,90;26,90
9788412276282;;JULIUS S. SCOTT;TRAFICANTES DE SUEÑOS;1;18,00;18,00
9788410073104;;JUZO,SAME;VALPARAÍSO EDICIONES;1;12,00;12,00
9780199231980;;JYTTE KLAUSEN;TUSQUETS EDITORES;1;7,00;7,00
9781841956176;;KADER ABDOLAH;TUSQUETS EDITORES;1;8,00;8,00
9788498380347;;KADER ABDOLAH;TUSQUETS EDITORES;1;7,00;7,00
9788498381849;;KADER ABDOLAH;LAURA TEDESCO;1;4,00;4,00
9788419036858;;KAFKA, FRANZ;ACANTILADO;2;36,00;18,00
9788419958198;;KAFKA, FRANZ;ACANTILADO;2;28,00;14,00
9788419558473;;KAFKA, FRANZ;ARPA EDITORES;1;17,90;17,90
9788419738912;;KALLIFATIDES, THEODOR;GALAXIA GUTENBERG;2;38,00;19,00
9788419738646;;KALLIFATIDES, THEODOR;GALAXIA GUTENBERG;2;39,00;19,50
9788418218576;;KALLIFATIDES, THEODOR;GALAXIA GUTENBERG;1;16,90;16,90
9788417971533;;KALLIFATIDES, THEODOR;GALAXIA GUTENBERG;1;16,90;16,90
9788417747152;;KALLIFATIDES, THEODOR;GALAXIA GUTENBERG;1;14,50;14,50
9788410107069;;KALLIFATIDES, THEODOR;GALAXIA GUTENBERG;2;38,00;19,00
9788415851530;;KAMENSZAIN,TAMARA;ADRIANA HIDALGO EDITORA;1;12,00;12,00
9788410299429;;KARINA SAINZ BORGO;ALFAGUARA;1;19,90;19,90
9789200040924;;KARL MARX AND FRIEDRICH;LAURA TEDESCO;1;5,00;5,00
9798864207864;;KARLA RON ARÉVALO;KARLA RON ARÉVALO;10;100,00;10,00
9788419261137;;KATCHADJIAN, PABLO;EDITORIAL SEXTO PISO;2;33,80;16,90
9786076996461;;KATHERINE BISQUET;RIALTA EDICIONES;2;33,00;16,50
9788087656594;;KATHERINE PERZANT;EDICIONES INCUBADORA;2;25,80;12,90
9788416677092;;KAVI,ERNESTO;EDITORIAL SEXTO PISO;2;32,00;16,00
9788433972743;;KAZUO ISHIGURO;TUSQUETS EDITORES;1;6,00;6,00
9788410080713;;KELLY, JULIA;NEWTON COMPTON EDITORES;1;12,90;12,90
9788401328510;;KEN FOLLETT;PLAZA&JANES;1;24,90;24,90
9788466378741;ARMADURA DE LA LUZ, LA (CAMPAÑA NAVIDAD GRANDES É;KEN FOLLETT;DEBOLSILLO;1;14,96;14,96
9788401036811;EL CÍRCULO DE LOS DÍAS;KEN FOLLETT;PLAZA&JANES;1;24,90;24,90
9788491818854;SALIR DEL CAOS;KEPEL, GILLES;ALIANZA EDITORIAL;2;53,90;26,95
9788401035609;EL MEJOR ERROR DE ANNA;KEYES, MARIAN;PLAZA&JANES;1;22,90;22,90
9788411483995;LOS VIRTUOSOS;KHADRA, YASMINA;ALIANZA EDITORIAL;2;49,00;24,50
9788413623979;LO QUE EL DÍA DEBE A LA;KHADRA, YASMINA;ALIANZA EDITORIAL;1;13,95;13,95
9788413623993;LOS ÁNGELES MUEREN POR N;KHADRA, YASMINA;ALIANZA EDITORIAL;1;13,95;13,95
9788413624013;LA ECUACIÓN DE LA VIDA;KHADRA, YASMINA;ALIANZA EDITORIAL;1;13,95;13,95
9788412619904;PALESTINA 5ªED;KHALIDI, RASHID;CAPITÁN SWING LIBROS;1;25,00;25,00
9788401032769;SI TE GUSTA LA OSCURIDAD;KING, STEPHEN;PLAZA&JANES;3;24,90;8,30
9788490323052;LA HISTORIA DE LISEY;KING, STEPHEN;DEBOLSILLO;1;12,95;12,95
9788427209442;DIARIO DE GREG 10. VIEJA ESCUELA;KINNEY, GREG;MOLINO;1;15,95;15,95
9788427221239;DIARIO DE GREG 15. TOCADO Y HUNDIDO;KINNEY, GREG;MOLINO;1;15,95;15,95
9788427216747;DIARIO DE GREG 14 ARRASA CON TODO;KINNEY, GREG;MOLINO;1;15,95;15,95
9788427203204;DIARIO DE GREG 6. ATRAPADOS EN LA NIEVE;KINNEY, JEFF;MOLINO;1;15,95;15,95
9788427200074;DIARIO DE GREG 3. ESTO ES EL COLMO;KINNEY, JEFF;MOLINO;1;15,95;15,95
9788427209824;DIARIO DE GREG 12 VOLANDO VOY;KINNEY, JEFF;MOLINO;1;15,95;15,95
9788427210844;DIARIO DE GREG 11. A POR TODAS!;KINNEY, JEFF;MOLINO;1;15,95;15,95
9788427204638;DIARIO DE GREG 8. MALA SUERTE;KINNEY, JEFF;MOLINO;1;15,95;15,95
9788427213128;DIARIO DE GREG 13 FRIO FATAL;KINNEY, JEFF;MOLINO;1;15,95;15,95
9788427208742;DIARIO DE GREG 9 CARRETERA Y MANTA;KINNEY, JEFF;MOLINO;2;31,90;15,95
9788427204164;DIARIO DE GREG 7;KINNEY, JEFF;MOLINO;1;15,95;15,95
9788466795203;EL LIBRO DE LA SELVA;KIPLING, RUDYARD;ANAYA ELE;2;25,00;12,50
9788432221354;LO QUE MUEVE EL MUNDO;KIRMEN URIBE;TUSQUETS EDITORES;1;4,00;4,00
9788419620569;QUINTO INVITADO,EL;KNIGHT,JENNY;NEWTON COMPTON EDITORES;1;12,90;12,90
9788412115222;ESCORIA DE LA TIERRA;KOESTLER, ARTHUR;LADERA NORTE;1;22,90;22,90
9788419261151;CHICOS DE HIDDEN VALLEY ROAD, LOS 2ªED;KOLKER, ROBERT;EDITORIAL SEXTO PISO;2;47,80;23,90
9788494511332;HERMANO DE HIELO 5ªED;KOPF,ALICIA;EDICIONES ALPHA DECAY;1;19,90;19,90
9788411213011;LA SABIDURÍA DEL CORAZÓN;KORNFIELD, JACK;KAIRÓS;1;25,00;25,00
9788419654632;MIEL DE LUNA;KRAEGEL, KENNETH;BLACKIE BOOKS;2;35,80;17,90
9788416748679;TANGO SATÁNICO;KRASZNAHORKAI, LASZLO;ACANTILADO;1;24,00;24,00
9788496489264;AL NORTE LA MONTAÑA, AL SUR EL LAGO, AL OESTE EL C;KRASZNAHORKAI, LASZLO;ACANTILADO;1;14,00;14,00
9788495359575;MELANCOLÍA DE LA RESISTENCIA;KRASZNAHORKAI, LASZLO;ACANTILADO;1;26,00;26,00
9788416011452;Y SEIOBO DESCENDIÓ A LA TIERRA;KRASZNAHORKAI, LASZLO;ACANTILADO;1;28,00;28,00
9788419036773;RELACIONES MISERICORDIOSAS;KRASZNAHORKAI, LASZLO;ACANTILADO;1;16,00;16,00
9788492649051;GUERRA Y GUERRA;KRASZNAHORKAI, LASZLO;ACANTILADO;1;24,00;24,00
9788492649044;HA LLEGADO ISAÍAS;KRASZNAHORKAI, LASZLO;ACANTILADO;1;11,00;11,00
9788419958204;EL BARÓN WENCKHEIM VUELVE A CASA;KRASZNAHORKAI, LASZLO;ACANTILADO;1;30,00;30,00
9788417977825;AYER 2ªED;KRISTOF,AGOTA;LIBROS DEL ASTEROIDE;1;16,95;16,95
9788412290141;DA IGUAL 4ªED;KRISTOF,AGOTA;EDICIONES ALPHA DECAY;1;14,50;14,50
9788419266286;BABEL 4ªED;KUANG, R. F.;EDITORIAL HIDRA;1;23,00;23,00
9788410163508;ESTUCHE LA GUERRA DE LA AMAPOLA (SAGA COMPLETA);KUANG, R. F.;EDITORIAL HIDRA;1;77,85;77,85
9788413431987;UNA GRAN SORPRESA;KULOT, DANIELA;KALANDRAKA;1;16,50;16,50
9788410124547;CRIANZA ACTIVA. 0-3 AÑOS;KURTIN, NORA;LAROUSSE;2;39,00;19,50
9788417586911;DOS CUENTOS NAV.MASHA;KUZOVKOV, O.;HACHETTE;1;7,95;7,95
9788439734970;LA MEJOR MADRE DEL MUNDO;LABARI, NURIA;RANDOM HOUSE;1;18,90;18,90
9788439739630;EL ÚLTIMO HOMBRE BLANCO;LABARI, NURIA;RANDOM HOUSE;1;18,90;18,90
9788433998972;VERDOR TERRIBLE, UN;LABATUT, BENJAMÍN;EDITORIAL ANAGRAMA;1;18,90;18,90
9788433949202;ANTÁRTICA EMPIEZA AQUÍ, LA;LABATUT, BENJAMÍN;EDITORIAL ANAGRAMA;1;18,90;18,90
9788419119407;HIJAS HORRIBLES, LAS 5ºED;LACASA CARRALON, BLANCA;LIBROS DEL K.O;1;21,90;21,90
9788410178571;ACCIDENTE, EL 8ªED;LACASA, BLANCA;LIBROS DEL ASTEROIDE;2;21,90;10,95
9788413624747;ZOZOBRAR (ADN);LAFON, LOLA;ALIANZA EDITORIAL;1;18,45;18,45
9788437641683;NADA;LAFORET, CARMEN;EDICIONES CÁTEDRA;1;12,95;12,95
9788410073326;TODO LO QUE ES CUERPO ES AGUA EN TRANSITO;LAGUNAS, SAMUEL;VALPARAÍSO EDICIONES;1;12,00;12,00
9788412878745;JARDIN CONTRA EL TIEMPO, EL;LAING, OLIVIA;CAPITÁN SWING LIBROS;1;24,00;24,00
9788494909511;LA MEMORIA DEL AIRE;LAMARCHE, CAROLINE;EDITORIAL TRÁNSITO;1;14,90;14,90
9788437638164;JUEGOS DE LA EDAD TARDÍA;LANDERO, LUIS;EDICIONES CÁTEDRA;1;23,50;23,50
9788419834737;CRUCES. HISTORIA DE DOS ALMAS;LANDRAGIN, ALEX;DUOMO EDICIONES;1;34,90;34,90
9788418818929;CUADERNOS DE INFANCIA;LANGE,NORAH;EDITORIAL RENACIMIENTO;1;17,90;17,90
9788419231147;ANTES QUE MUERAN;LANGE,NORAH;EDITORIAL RENACIMIENTO;1;17,90;17,90
9791387596026;INMANENCIA;LAPUENTE, VÍCTOR;ADN EDITORIAL GRUPO ANAYA;2;41,90;20,95
9788495291806;DETECTIVES DE OBJETOS;LARIOS,SHADAY;EDICIONES LA UÑA ROTA;1;17,00;17,00
9788413148342;LA VETERINARIA. GRANDES SUEÑOS;LARK, SARAH;B DE BOLSILLO;1;14,96;14,96
9788416167661;COMEMADRE, LA;LARRAQUY, ROQUE;FULGENCIO PIMENTEL;1;23,00;23,00
9788411484466;LOS DE BILBAO NACEN DOND;LARREA, MARÍA;ALIANZA EDITORIAL;2;39,00;19,50
9788412991628;PAN PIEDRA;LAURA ANDREA GARZÓN;LIBERO EDITORIAL;1;12,00;12,00
9788401020742;ERES UN BICHO RARO : UN DIARIO CREATIVO PARA SERES ÚNICOS;"LAURA FERNÁNDEZ;KATE";PLAZA&JANES;1;15,90;15,90
9788419975157;TODOS LOS HOMBRES DEL REY;LAURA GALLEGO;MONTENA;1;16,95;16,95
9788413144603;TODAS LAS HADAS DEL REINO (EDICIÓN LIMITADA);LAURA GALLEGO;B DE BOLSILLO;1;10,95;10,95
9789870401643;LA ISLA DE LA PASIÓN;LAURA RESTREPO;TUSQUETS EDITORES;1;8,00;8,00
9789200040597;NUTRICIÓN SIN DRAMAS;LAURA VILLANUEVA;LAURA TEDESCO;1;6,00;6,00
9788426403001;EN MANOS DE LAS FURIAS;LAUREN GROFF;LAURA TEDESCO;1;6,00;6,00
9788418945625;UNA AVENTURA SALVAJE;LAUREN, CHRISTINA;CONTRALUZ EDITORIAL;1;19,50;19,50
9788419089793;ANGEL DE PIEDRA,EL;LAURENCE,MARGARET;LIBROS DEL ASTEROIDE;1;21,95;21,95
9788430953837;DE ÉTICA Y POLÍTICA;"LÁZARO CANTERO, RAQUEL;";TECNOS;4;114,00;28,50
9788412591125;UNA ESCRITORA EN EL TIEMPO;LAZARRE, JANE;EDITORIAL LAS AFUERAS;2;27,90;13,95
9788412894332;MAS ALLA DE LA BLANQUITUD;LAZARRE, JANE;EDITORIAL LAS AFUERAS;1;22,95;22,95
9788494733727;NUDO MATERNO,EL 8ªED;LAZARRE,JANE;EDITORIAL LAS AFUERAS;2;45,90;22,95
9788419213426;SUEÑO ANIMAL;LAZZARINO BINELLI, SILVIA;KALANDRAKA;1;17,00;17,00
9788419655301;LA INTELIGENCIA ADAPTATIVA;LEANDRO FERNÁNDEZ MACHO;TUSQUETS EDITORES;1;5,00;5,00
9788417375959;ESTA ES TU CASA, FIDEL;LECHUGA, CARLOS D.;DE CONATUS;1;18,90;18,90
9788467861259;LECHUZA DETECTIVE 2: OP;LECHUZA, EQUIPO;ANAYA INFANTIL Y JUVENIL;2;27,90;13,95
9788467871456;LECHUZA DETECTIVE 3;LECHUZA, EQUIPO;ANAYA INFANTIL Y JUVENIL;1;13,95;13,95
9788469809174;LECHUZA DETECTIVE 4;LECHUZA, EQUIPO;ANAYA INFANTIL Y JUVENIL;2;27,90;13,95
9788469816288;CASO DEL GRAFITERO LOCO;LECHUZA, EQUIPO;ANAYA INFANTIL Y JUVENIL;2;5,90;2,95
9788469886144;LECHUZA 5:CINCO SALVAJES;LECHUZA, EQUIPO;ANAYA INFANTIL Y JUVENIL;2;27,90;13,95
9788419261489;VESTIDO BLANCO,EL;LEGER,NATHALIE;EDITORIAL SEXTO PISO;2;29,80;14,90
9788087656549;PRINCESA MIAMI;LEGNA RODRÍGUEZ IGLESIAS;EDICIONES INCUBADORA;2;25,80;12,90
9788495037978;NO SABE/ NO CONTESTA;LEGNA RODRÍGUEZ IGLESIAS;HURÓN AZUL;1;14,00;14,00
9798883694805;ILUSIONES DE BOTÁNICA;LEGNA RODRÍGUEZ IGLESIAS;EDITORIAL CASA VACÍA;1;16,00;16,00
9788412480276;POCO HOMBRE 2ªED;LEMEBEL, PEDRO;EDITORIAL LAS AFUERAS;2;45,90;22,95
9788437645179;ELLAS. LAS ESTUDIANTES D;LEMUS LÓPEZ, ENCARNACIÓN;EDICIONES CÁTEDRA;1;26,50;26,50
9788466241946;DESCUBRE EL REINO ANIMAL;LEÓN PANAL, ÁNGEL LUIS;LIBSA;1;7,95;7,95
9788490660386;AQUELLO ESTABA DESEANDO OCURRIR;LEONARDO PADURA;TUSQUETS EDITORES;1;6,00;6,00
9789200041280;LA DEMOCRACIA NO DEBE ESPERAR (FEB 2025);LETRAS LIBRES;LETRAS LIBRES;3;15,00;5,00
9788418945809;COMPAÑERO PISO VAMPIRO;LEVINE, JENNA;CONTRALUZ EDITORIAL;1;19,50;19,50
9788437602202;PARADISO;LEZAMA LIMA, JOSÉ;EDICIONES CÁTEDRA;2;15,90;7,95
9788498270747;CONFLUENCIAS (ENSAYOS SOBRE POESIA);LEZAMA LIMA, JOSÉ;EDITORIAL DILEMA;1;20,00;20,00
9788416677221;POESIA COMPLETA 2ªED;LEZAMA LIMA,JOSE;EDITORIAL SEXTO PISO;2;69,80;34,90
9788493834579;CONFLUENCIAS;LEZAMA LIMA,JOSE;CONFLUENCIAS;1;15,00;15,00
9788418342769;UN FUTURO ANTERIOR;LIBERTELLA,MAURO;EDITORIAL SEXTO PISO;2;33,80;16,90
9789200040733;CUADERNO;LIBRERÍA;LAURA TEDESCO;1;7,99;7,99
9788413625614;FASCISMOS IBERAMERICANOS;"LIMA GRECCO, GABRIELA DE;";ALIANZA EDITORIAL;1;23,95;23,95
9788439730514;VOLVERSE PALESTINA;LINA MERUANE;TUSQUETS EDITORES;1;5,00;5,00
9788415740810;NO TODOS LOS CICLOPES NACEN CIEGOS;LINARES, SOL;MENOSCUARTO EDICIONES;1;16,90;16,90
9788416227099;PERCUSION Y TOMATE;LINARES,SOL;LA OVEJA ROJA;1;16,00;16,00
9789200040962;THE GREAT ECONOMISTS;LINDA YUEH;LAURA TEDESCO;1;5,00;5,00
9788419475800;EL LIBRO DE COCINA DE PIPPI CALZASLARGAS;LINDGREN, ASTRID;EDITORIAL KÓKINOS;1;16,00;16,00
9788417553951;FLORES SALVAJES;LINIERS;IMPEDIMENTA;1;20,95;20,95
9788417115845;BUENAS NOCHES PLANETA;LINIERS;IMPEDIMENTA;1;20,95;20,95
9788418694783;IMAGINAR UN HIJO 2ªED;LIRA,HECTOR;VALPARAÍSO EDICIONES;1;12,00;12,00
9788401018725;EL KIT DE POSITIVIDAD : BUEN ROLLO ASEGURADO EN CADA PÁGINA;LISA CURRIE;PLAZA&JANES;1;10,90;10,90
9788419851079;CÍRCULO DE MUJERES DE LA DOCTORA TAN, EL;LISA SEE;SALAMANDRA;1;23,00;23,00
9788415803584;LA PASIÓN SEGÚN G. H.;LISPECTOR, CLARICE;SIRUELA;1;17,95;17,95
9791387688547;TODOS LOS CUENTOS;LISPECTOR, CLARICE;SIRUELA;2;26,00;13,00
9788426426864;LUCIÉRNAGA;LITVINOVA, NATALIA;LUMEN;1;19,90;19,90
9788413149332;SOBRE HORMIGAS Y DINOSAURIOS;LIU, CIXIN;B DE BOLSILLO;1;14,96;14,96
9788410107588;A LOMOS DEL TIGRE;LIVANELI, ZÜLFÜ;GALAXIA GUTENBERG;1;22,00;22,00
9788411484091;LO NUESTRO (ADN);LLAMAS, ENRIQUE;ALIANZA EDITORIAL;1;19,95;19,95
9788437644561;ESCENAS DE CINE MUDO;LLAMAZARES, JULIO;EDICIONES CÁTEDRA;2;33,00;16,50
9788437647791;LA LENTITUD DE LOS BUEYE;LLAMAZARES, JULIO;EDICIONES CÁTEDRA;1;16,50;16,50
9788425368295;NACIDA DE VENUS;LLEONART DORMUÀ, SÒNIA;GRIJALBO;1;22,90;22,90
9788419968166;SILENCIO;LLOR, FERNANDO;INUK;1;15,95;15,95
9788412166071;ERASE OTRA VEZ;LLURBA,ANA;WUNDERKAMMER;1;12,00;12,00
9788412779868;LABORATORIO PALESTINO, EL;LOEWENSTEIN, ANTONY;CAPITÁN SWING LIBROS;1;23,00;23,00
9788425363634;MAESTRA GITANA, LA;LOLA CABRILLANA;GRIJALBO;1;20,90;20,90
9788416588794;TÚ PRIMERO : LA FELICIDAD COMIENZA CUANDO DECIDES SER TÚ MISMO;LOLA ORTIZ;NUBE DE TINTA;1;17,95;17,95
9791370090777;COLMILLO BLANCO;LONDON, JACK;ALIANZA EDITORIAL;2;13,95;6,97
9788412520514;EL ASEDIO ANIMAL;LONDOÑO LÓPEZ, VANESSA;ALMADIA ALJOSAN S.R.L.U.;3;31,90;10,63
9788412171983;VALLECAS. LOS AÑOS DE BARRO 2;"LOPEZ CABRERA, ROMAN ;";HOY ES SIEMPRE. EDICIONES;1;25,00;25,00
9788419591227;QUIERO LLEGAR A LA LUNA;LÓPEZ CÁMARA, HELENA;PEONZA;1;15,00;15,00
9788413432472;CONTINENTE ANIMAL;LÓPEZ ORTÍ, ANA;KALANDRAKA;1;16,00;16,00
9788412145786;POR QUE VOLVIAS CADA VERANO 2ªED;LOPEZ PEIRO,BELEN;EDITORIAL LAS AFUERAS;2;31,90;15,95
9788494001949;CUADERNO BLACKIE BOOKS. VOL. 1;LÓPEZ VALLE, DANIEL;BLACKIE BOOKS;1;12,90;12,90
9788419172150;CUADERNO BLACKIE BOOKS VOL. 11;LÓPEZ VALLE, DANIEL;BLACKIE BOOKS;1;12,90;12,90
9788419654052;CUADERNO BLACKIE BOOKS. VOL. 12;LÓPEZ VALLE, DANIEL;BLACKIE BOOKS;1;12,90;12,90
9788418187087;CUADERNO BLACKIE BOOKS. VOL. 9;LÓPEZ VALLE, DANIEL;BLACKIE BOOKS;1;12,90;12,90
9788417552374;CUADERNO BLACKIE BOOKS. VOL. 8;LÓPEZ VALLE, DANIEL;BLACKIE BOOKS;1;12,90;12,90
9788417059729;CUADERNO BLACKIE BOOKS. VOL. 7;LÓPEZ VALLE, DANIEL;BLACKIE BOOKS;3;38,70;12,90
9788410025301;CUADERNO KIDS VOL. 3;LÓPEZ VALLE, DANIEL;BLACKIE BOOKS;2;25,80;12,90
9788410323575;CUADERNO BLACKIE BOOKS. VOL. 14;LÓPEZ VALLE, DANIEL/ FORTÚNEZ,;BLACKIE BOOKS;3;38,70;12,90
9788494143953;HONGOS DE LA RIBA;LOPEZ,LUIS CARLOS;FULGENCIO PIMENTEL;1;23,00;23,00
9788417977849;SENSACION TERMICA 2ªED;LOPEZ,MAYTE;LIBROS DEL ASTEROIDE;1;18,95;18,95
9788419834775;CASO DEL ESCRITOR DESAPARECIDO, EL;LORAC, E.C.R.;DUOMO EDICIONES;1;18,00;18,00
9788496489400;CARTAS A SU HIJO;LORD CHESTERFIELD;ACANTILADO;1;22,00;22,00
9791399056631;EMPRENDER (A) CONTRACORRIENTE;LORENA GUTIÉRREZ FERNÁNDEZ;EDITORIAL EDITABOR;3;63,00;21,00
9788419208101;PARA UN SOLDADO DESCONOCIDO;LORENZ,FEDERICO;ADRIANA HIDALGO EDITORA;1;16,00;16,00
9788412009903;HERENCIA;LORENZANO,SANDRA;VASO ROTO EDICIONES;1;15,00;15,00
9788423354917;TANTOS LOBOS;LORENZO SILVA;EDICIONES DESTINO;1;10,95;10,95
9788423367177;LAS FUERZAS CONTRARIAS;LORENZO SILVA;EDICIONES DESTINO;2;45,80;22,90
9788495642615;DESCRIPCIÓN DE LA CIUDAD DE QUEBEC;"LOVECRAFT,H.P; LOVECRAFT,";PÁGINAS DE ESPUMA SL;1;23,96;23,96
9788478397860;ULTIMOS DIAS DE UNA CASA;LOYNAZ,DULCE MARIA;EDICIONES TORREMOZAS;1;14,00;14,00
9788418945854;MELINA;LUCAS, JUAN RAMÓN;CONTRALUZ EDITORIAL;2;45,90;22,95
9788411072441;CUANDO NADIE NOS NOMBRE;LUCIANA SOUSA;TUSQUETS EDITORES;1;8,00;8,00
9788401033179;LA CHICA OCULTA / THE HIDDEN GIRL;LUCINDA RILEY;PLAZA&JANES;1;21,90;21,90
9788466353809;SECRETO DE HELENA, EL;LUCINDA RILEY;DEBOLSILLO;1;9,95;9,95
9789200040610;PREPARADOS, LISTOS..., ESPAGUETIS;LUCY BROADHURST;LAURA TEDESCO;1;6,00;6,00
9788491826507;ILUMINAPESADILLA;LUCY BROWNRIDGE;EDICIONES SM;1;9,95;9,95
9788466667937;REINA ROJA;LUIS;B;1;17,90;17,90
9788419743992;EL MÉTODO Z PARA COMER BIEN: NO CUENTES CALORÍAS: HAZ QUE LAS CALORÍAS CUENTEN / THE Z METHOD FOR EATING WELL;LUIS A. ZAMORA;ROCAEDITORIAL;1;21,90;21,90
9788466335850;ALGUIEN DICE TU NOMBRE;LUIS GARCÍA MONTERO;DEBOLSILLO;1;10,95;10,95
9788466335867;UNA FORMA DE RESISTENCIA;LUIS GARCÍA MONTERO;DEBOLSILLO;1;11,95;11,95
9788466335874;MAÑANA NO SERÁ LO QUE DIOS QUIERA;LUIS GARCÍA MONTERO;DEBOLSILLO;1;10,95;10,95
9788490459379;FRAGMENTOS DE DEMOCRACIA;LUIS GONZALO DÍEZ;TUSQUETS EDITORES;1;8,00;8,00
9786123050894;LA FIESTA DEL HUMO;LUIS HERNÁN CASTAÑEDA;TUSQUETS EDITORES;1;6,00;6,00
9788411074124;LA ULTIMA FUNCION;LUIS LANDERO;TUSQUETS EDITORES;1;20,50;20,50
9788420471952;MIRA SI YO TE QUERRE;LUIS LEANTE;ALFAGUARA;1;6,00;6,00
9788466330985;EL REINO DE CELAMA;LUIS MATEO DÍEZ;DEBOLSILLO;1;14,96;14,96
9788420435657;JUVENTUD DE CRISTAL;LUIS MATEO DÍEZ;ALFAGUARA;1;18,90;18,90
9788420417806;LA SOLEDAD DE LOS PERDIDOS;LUIS MATEO DÍEZ;ALFAGUARA;1;22,90;22,90
9788420426754;VICISITUDES;LUIS MATEO DÍEZ;ALFAGUARA;1;22,90;22,90
9788467040562;SECRETOS DE LA FELICIDAD;LUIS ROJAS MARCOS;LAURA TEDESCO;1;6,00;6,00
9788472234192;MUNDO DEL FIN DEL MUNDO;LUIS SEPÚLVEDA;TUSQUETS EDITORES;1;5,00;5,00
9788466682947;EL JUICIO;LUIS ZUECO;B;2;49,80;24,90
9788417517519;DESIERTO SONORO 6ªED;LUISELLI,VALERIA;EDITORIAL SEXTO PISO;3;68,70;22,90
9786077781615;HISTORIA DE MIS DIENTES,LA 3ªED;LUISELLI,VALERIA;EDITORIAL SEXTO PISO;2;34,00;17,00
9788416677481;NIÑOS PERDIDOS,LOS - 5ªED;LUISELLI,VALERIA;EDITORIAL SEXTO PISO;2;34,00;17,00
9788418342042;PAPELES FALSOS - NE;LUISELLI,VALERIA;EDITORIAL SEXTO PISO;2;29,80;14,90
9788496867895;INGRAVIDOS,LOS 7ªED;LUISELLI,VALERIA;EDITORIAL SEXTO PISO;2;31,80;15,90
9788412667264;TAMBIÉN NOSOTRAS GUARDAMOS PIEDRAS;LUIZA ROMAO;LIBERO EDITORIAL;1;14,00;14,00
9786077781493;COMO SI FUERA UN JUGUETE;"LUJAN ; ZAHEDI";EDITORIAL SEXTO PISO;1;14,90;14,90
9781682193334;THE DEAD CENTER;LUKE SAVAGE;TUSQUETS EDITORES;1;5,00;5,00
9788419627940;COBRE EN LA SANGRE;LUNAR, LORENZO;EDITORIAL CLANDESTINA;2;40,00;20,00
9791399092448;LEJOS DE LA ISLA EN NEGRO;"LUNAR,LORENZO;MURGA,REBECA";HURÓN AZUL;1;16,00;16,00
9788437647258;CORRE, ATALANTA;LUQUE, HERMINIA;EDICIONES CÁTEDRA;1;19,50;19,50
9788418387029;CRUZ DE MIS VIENTOS,LA;LUQUIN,EDUARDO;EDITORIAL RENACIMIENTO;1;17,90;17,90
9788408307945;CORAZON DE ORO;LUZ GABÁS;TUSQUETS EDITORES;2;47,80;23,90
9788499676074;MUJERES NOBEL DE LA PAZ;LYDIA ESCRIBANO;TUSQUETS EDITORES;1;5,00;5,00
9788412379853;SALA-R;LYNN CRUZ;HURÓN AZUL;2;32,00;16,00
9788075212078;CRÓNICA AZUL;LYNN CRUZ;FRA;1;12,90;12,90
9788408046486;PÓRTATE BIEN;Mª LUISA FERREROS;LAURA TEDESCO;1;5,00;5,00
9788411483377;NUESTROS INESPERADOS HER;MAALOUF, AMIN;ALIANZA EDITORIAL;2;27,90;13,95
9788411486910;EL LABERINTO DE LOS EXTR;MAALOUF, AMIN;ALIANZA EDITORIAL;1;23,95;23,95
9788420679815;LOS JARDINES DE LUZ;MAALOUF, AMIN;ALIANZA EDITORIAL;1;13,95;13,95
9788420648477;ADRIANA MATER;MAALOUF, AMIN;ALIANZA EDITORIAL;2;41,90;20,95
9788420608891;LOS DESORIENTADOS;MAALOUF, AMIN;ALIANZA EDITORIAL;2;45,90;22,95
9788491043843;UN SILLÓN MIRA AL SENA;MAALOUF, AMIN;ALIANZA EDITORIAL;2;35,90;17,95
9788498956269;LA GUERRA;MACHADO, ANTONIO;VISOR;2;36,00;18,00
9788437608662;CAMPOS DE CASTILLA;MACHADO, ANTONIO;EDICIONES CÁTEDRA;1;10,50;10,50
9788437604114;"SOLEDADES; GALERÍAS; OTR";MACHADO, ANTONIO;EDICIONES CÁTEDRA;2;21,90;10,95
9789200040634;MI COCINA;MADAME FIGARO & HOLA;LAURA TEDESCO;3;18,00;6,00
9788411486897;CUANDO LLEGUE LA MAÑANA;MADRID, JUAN;ALIANZA EDITORIAL;2;29,80;14,90
9788413621401;MUJERES & MUJERES. CUENT;MADRID, JUAN;ALIANZA EDITORIAL;2;27,90;13,95
9788413621425;GRUPO DE NOCHE;MADRID, JUAN;ALIANZA EDITORIAL;1;13,95;13,95
9788413621449;BARES NOCTURNOS;MADRID, JUAN;ALIANZA EDITORIAL;2;27,90;13,95
9788419261984;COLONIA, LA;MAGEE, AUDREY;EDITORIAL SEXTO PISO;2;47,80;23,90
9788412408140;UN VIAJE A SALTO;MAIA,CIRCE;EDITORIAL LAS AFUERAS;1;14,96;14,96
9788410183179;EL ATLAS DEL TIEMPO;MAIORELLI, TOMMASO;SIRUELA;1;19,95;19,95
9788416213993;URUGUAYA,LA 14ªED;MAIRAL,PEDRO;LIBROS DEL ASTEROIDE;2;15,95;7,97
9788417977597;SALVATIERRA 2ªED;MAIRAL,PEDRO;LIBROS DEL ASTEROIDE;1;17,95;17,95
9788410675032;GOLPE MILITAR Y DICTADURA EN ARGENTINA (1976-1983);MALAMUD, CARLOS;LOS LIBROS DE LA CATARATA;9;189,00;21,00
9788418694851;DESVENTAJAS DE PENSAR DEMASIADO,LAS;MALAVE RODRIGUEZ,JANNELYS;VALPARAÍSO EDICIONES;1;12,00;12,00
9789200040948;AIR DISASTERS;MALCOLM MACPHERSON;LAURA TEDESCO;1;5,00;5,00
9791387688387;KUKLINSKI;MALLO, ERNESTO;SIRUELA;1;19,95;19,95
9788410183285;LA MUERTE DE ARTURO;MALORY, SIR THOMAS;SIRUELA;2;72,00;36,00
9789200040993;LA LADRONA DE HUESOS;MANEL LOUREIRO;LAURA TEDESCO;1;6,00;6,00
9788417375126;TONIO KRÖGER;MANN, THOMAS;DE CONATUS;2;28,00;14,00
9788466352406;MONTAÑA MÁGICA, LA;MANN, THOMAS;DEBOLSILLO;1;14,96;14,96
9788491392286;SUTIL ARTE DE QUE (CASI TODO) TE IMPORTE UNA MIERD;MANSON, MARK;HARPERCOLLINS IBÉRICA;1;16,90;16,90
9788419820587;GUÍA PARA VIVIR SANOS HASTA LOS 120 AÑOS: DESCUBRE Y APRENDE LOS SECRETOS DE LOS CENTENARIOS Y SUPERCENTENARIOS / GUIDE TO LIVING HEALTHILY FOR 120 YEARS;MANUEL DE LA PEÑA;VERGARA;1;21,90;21,90
9789200041389;BELLA EN LAS TINIEBLAS;MANUEL DE LOPE;LAURA TEDESCO;1;5,00;5,00
9798395420428;CUADERNO DE RIMAS;MANUEL DÍAZ MARTÍNEZ;EDICIONES FURTIVAS;2;36,00;18,00
9788420454320;MISS MARTE;MANUEL JABOIS;ALFAGUARA;1;18,90;18,90
9788420432403;DETRÁS DEL CIELO;MANUEL RIVAS;ALFAGUARA;1;19,90;19,90
9789200040641;COMIDA SANA;MANUEL TORREIGLESIAS & Mª;LAURA TEDESCO;1;6,00;6,00
9788420437569;LA NOVIA DE MATISSE;MANUEL VICENT;ALFAGUARA;1;19,90;19,90
9788466343466;LA REGATA;MANUEL VICENT;DEBOLSILLO;1;9,95;9,95
9788420403632;SETECIENTOS MILLONES DE RINOCERONTES;MANUEL VILAS;ALFAGUARA;1;17,90;17,90
9788420421995;AIRE NUESTRO;"MANUEL VILAS;MANUEL VILAS";ALFAGUARA;1;18,90;18,90
9788469836019;APESTOSO TÍO MUFFIN;MAÑAS ROMERO, PEDRO;ANAYA INFANTIL Y JUVENIL;1;13,50;13,50
9788414340738;APESTOSO TIO MUFFIN ESPE;MAÑAS, PEDRO;ANAYA INFANTIL Y JUVENIL;1;16,95;16,95
9788413431536;LA NOCHE EN EL BOLSILLO;MAÑAS, PEDRO;KALANDRAKA;1;16,00;16,00
9788466240413;MI PRIMERA ENCICLOPEDIA DEL SABER;MAÑERU, MARÍA;LIBSA;1;9,95;9,95
9789871920662;ELECTRONICA 2ªED;MAQUEIRA,ENZO;INTERZONA;1;14,00;14,00
9788437626420;MUJERES, GLOBALIZACIÓN Y;"MAQUIEIRA D'ANGELO, VIRGINIA;";EDICIONES CÁTEDRA;1;25,95;25,95
9788418483189;APRENDER A LEER EN LA ESCUELA DE MONSTRUOS 1 LA MA;"MAR ;BENEGAS";MONTENA;2;15,90;7,95
9788498386813;HERENCIA DE ESZTER, LA;"MARAI, SANDOR;SÁNDOR MÁRAI";TUSQUETS EDITORES;5;70,00;14,00
9788420483733;EL ALBERGUE DE LAS MUJERES TRISTES;MARCELA SERRANO;TUSQUETS EDITORES;1;8,00;8,00
9788408042150;LO QUE ESTÁ EN MI CORAZÓN;MARCELA SERRANO;TUSQUETS EDITORES;1;8,00;8,00
9789561503250;ANTIGUA VIDA MÍA;MARCELA SERRANO;TUSQUETS EDITORES;1;7,00;7,00
9789200041532;AÚN ESTOY AQUÍ;MARCELO RUBENS PAIVA;LAURA TEDESCO;1;7,00;7,00
9788413432007;PALABRAS;MARCHAMALO, JESÚS;KALANDRAKA;1;16,00;16,00
9788410340657;LIBRO DE MIS VIDAS;MARGARET ATWOOD;SALAMANDRA;2;54,00;27,00
9788420455716;EL SONIDO DE LAS OLAS / THE SOUND OF THE WAVES;MARGARITA GARCIA ROBAYO;ALFAGUARA;1;17,90;17,90
9788413432045;FLECO DE NUBE;MARGOLIS, FABIANA;KALANDRAKA;1;16,00;16,00
9788494555305;BEBÉS EN MOVIMIENTO;MARÍA DEL MAR SÁNCHEZ Y;CASITA DE PAZ;3;45,00;15,00
9788408260622;EL TIEMPO ENTRE COSTURAS;MARIA DUEÑAS;TUSQUETS EDITORES;2;25,90;12,95
9788408300311;SIRA;MARIA DUEÑAS;TUSQUETS EDITORES;1;12,95;12,95
9788408299592;POR SI UN DÍA VOLVEMOS;MARÍA DUEÑAS;TUSQUETS EDITORES;1;23,90;23,90
9788499981789;MISIÓN OLVIDO;MARÍA DUEÑAS;EDICIONES DESTINO;1;6,00;6,00
9791399109726;LAS VIDAS DE ELENA;MARIA FASCE;ALMADIA ALJOSAN S.R.L.U.;2;37,80;18,90
9788417417628;SE TE OSCURECE EL PELO;MARÍA JOSÉ HASTA;CABALLO DE TROYA;1;15,90;15,90
9788426407498;RELATOS;MARÍA KODAMA;LUMEN;1;16,90;16,90
9789200040535;LOS DE BILBAO NACEN DONDE QUIEREN;MARÍA LARREA;LAURA TEDESCO;1;6,00;6,00
9788401034794;ALBATROS NEGRO, EL;MARÍA ORUÑA;PLAZA&JANES;1;23,90;23,90
9788420478388;TODAS LAS ALMAS;MARÍA, JAVIER;ALFAGUARA;1;17,90;17,90
9788412375794;PARTIRSE EN DOS;MARIAESTHER ALARCÓN-NEBOUT;LECTURAS DE ARRAIGO;1;20,00;20,00
9788418668265;UNA CASA LLENA DE GENTE 3ªED;MARIANA,SANDEZ;IMPEDIMENTA;1;23,50;23,50
9788420476087;CORAZÓN TAN BLANCO;MARÍAS, JAVIER;ALFAGUARA;1;19,90;19,90
9788420477640;TU ROSTRO MAÑANA;MARÍAS, JAVIER;ALFAGUARA;1;36,90;36,90
9798303515802;ORINAR HACIA ARRIBA;MARIEN FERNÁNDEZ CASTILLO;EDITORIAL CASA VACÍA;2;24,00;12,00
9788411708906;EL DERECHO DE LA MODA EN ESPAÑA DESDE UNA VISIÓN GLOBALIZADA;MARINA LORENZO LUNA;EDITORIAL DYKINSON;1;25,00;25,00
9788420439686;ANTOLOGÍA POÉTICA BENEDETTI. SELECCIÓN Y PRÓLOGO DE JOAN MANUEL SERRAT / BENEDETTIS POETIC ANTHOLOGY. SELECTION AND PROLOGUE BY JOAN MANUEL SERRAT;MARIO BENEDETTI;ALFAGUARA;1;18,90;18,90
9788490626702;GRACIAS POR EL FUEGO / THANKS FOR THE FIRE;MARIO BENEDETTI;DEBOLSILLO;1;11,95;11,95
9788466333214;CUENTOS COMPLETOS;MARIO BENEDETTI;DEBOLSILLO;1;14,96;14,96
9780578530956;COROLARIOS;MARIO RAMÍREZ MÉNDEZ;HOMAGNO;2;30,00;15,00
9788466343121;CINCO ESQUINAS / THE NEIGHBORHOOD;MARIO VARGAS LLOSA;DEBOLSILLO;1;12,95;12,95
9788490625903;LOS CUADERNOS DE DON RIGOBERTO / THE NOTEBOOKS OF DON RIGOBERTO;MARIO VARGAS LLOSA;DEBOLSILLO;1;12,95;12,95
9788420431789;CONVERSACIÓN EN PRINCETON / CONVERSATION AT PRINCETON;MARIO VARGAS LLOSA;ALFAGUARA;1;18,90;18,90
9788420454054;LA CIUDAD Y LOS PERROS;MARIO VARGAS LLOSA;ALFAGUARA;1;22,90;22,90
9788420431994;LA LLAMADA DE LA TRIBU;MARIO VARGAS LLOSA;ALFAGUARA;1;20,90;20,90
9788432230806;EL HABLADOR;MARIO VARGAS LLOSA;TUSQUETS EDITORES;1;5,00;5,00
9788466303316;LA FIESTA DEL CHIVO;MARIO VARGAS LLOSA;TUSQUETS EDITORES;1;6,00;6,00
9788467035162;LOS CACHORROS. LOS JEFES;MARIO VARGAS LLOSA;TUSQUETS EDITORES;1;4,00;4,00
9788466355445;TIEMPOS RECIOS;MARIO VARGAS LLOSA;DEBOLSILLO;2;25,90;12,95
9788466382694;LA FIESTA DEL CHIVO (EDICIÓN CONMEMORATIVA);MARIO VARGAS LLOSA;DEBOLSILLO;1;14,96;14,96
9788420432793;PANTALEÓN Y LAS VISITADORAS;MARIO VARGAS LLOSA;ALFAGUARA;2;41,80;20,90
9788420437873;HISTORIA DE MAYTA;MARIO VARGAS LLOSA;ALFAGUARA;2;41,80;20,90
9788420405087;LAS MIL NOCHES Y UNA NOCHE;"MARIO VARGAS LLOSA;ROS RIBAS";ALFAGUARA;1;19,90;19,90
9788419670946;GRUÑON, EL;MARK, JOSEPHINE;ASTIBERRI EDICIONES;1;12,00;12,00
9789873783654;CUADERNOS DEL CAMINO;MARKIC,MARIO;MAREA;1;15,00;15,00
9788418342875;AMANTE DE WITTGENSTEIN, LA 3ªED;MARKSON , DAVID;EDITORIAL SEXTO PISO;4;87,60;21,90
9788419261991;ULTIMA NOVELA, LA;MARKSON, DAVID;EDITORIAL SEXTO PISO;2;39,80;19,90
9780552773898;THE BOOK THIEF;MARKUS ZUSAK;TUSQUETS EDITORES;1;4,00;4,00
9786079436315;YAKARTA;MARQUEZ TIZANO,RODRIGO;EDITORIAL SEXTO PISO;2;35,80;17,90
9788412386196;LIBRO-DIORAMA DE LOS ÁRBOLES, EL;MARSH, STEVE;FOLIOSCOPIO;2;48,00;24,00
9788494957062;MÁGICO GONZÁLEZ;MARSULLO, MARCO;ALTAMAREA EDICIONES;1;16,90;16,90
9788420453996;OXIGENO;MARTA JIMENEZ SERRANO;ALFAGUARA;4;56,70;14,18
9788418342257;LOS NOMBRES PROPIOS;MARTA JIMÉNEZ SERRANO;EDITORIAL SEXTO PISO;4;79,60;19,90
9788075210579;LA PERIFERIA;MARTHA ACOSTA ALVAREZ;FRA;1;12,90;12,90
9788449328701;LOS LÍMITES DEL PATRIOTISMO;MARTHA C. NUSSBAUM;TUSQUETS EDITORES;1;6,00;6,00
9788469891063;RIMA QUE RIMA;MARTÍ I BERTRAN, PERE;ANAYA INFANTIL Y JUVENIL;2;35,00;17,50
9788419822413;ESTRELLAS DE CIUDAD;MARTÍ, CARLA;CONTRALUZ EDITORIAL;2;37,90;18,95
9788437623238;EDAD DE ORO Y OTROS RELA;MARTÍ, JOSÉ;EDICIONES CÁTEDRA;2;29,00;14,50
9788433920492;DINERO;MARTIN AMIS;EDITORIAL ANAGRAMA;1;6,00;6,00
9789872214746;ARGENTINA EN IMAGENES;MARTÍN COMAMALA;LAURA TEDESCO;1;5,00;5,00
9788437634098;EL EUROPEÍSMO;MARTÍN DE LA GUARDIA,;EDICIONES CÁTEDRA;1;17,50;17,50
9788412854558;INDOMITA;MARTIN ESPINOSA, RAISA;SIREN BOOKS;1;20,90;20,90
9788437638324;EL CUARTO DE ATRÁS;MARTÍN GAITE, CARMEN;EDICIONES CÁTEDRA;2;25,90;12,95
9788478444069;CAPERUCITA EN MANHATTAN;MARTÍN GAITE, CARMEN;SIRUELA;2;25,90;12,95
9788433978219;NUBOSIDAD VARIABLE - CM;MARTÍN GAITE, CARMEN;EDITORIAL ANAGRAMA;1;14,90;14,90
9788418245886;EL CUARTO DE ATRÁS;MARTÍN GAITE, CARMEN;SIRUELA;2;29,80;14,90
9788419521637;LUNA ROJA;MARTIN GIRON, MARTA;DUOMO EDICIONES;1;19,90;19,90
9788419964120;UN MUNDO MEJOR DONDE VIVIR;MARTIN NOGALES, J. L.;MENOSCUARTO EDICIONES;1;21,90;21,90
9788419964045;MUJER QUE AMABA A LAS ABEJAS, LA;MARTIN NOGALES,J.L.;MENOSCUARTO EDICIONES;1;21,90;21,90
9788413431703;VERSOS DE CALENDARIO;MARTÍN RAMOS, JUAN CARLOS;KALANDRAKA;1;16,00;16,00
9788410107397;TIEMPO DE SILENCIO - ILUSTRADO;MARTÍN-SANTOS, LUIS;GALAXIA GUTENBERG;1;32,00;32,00
9788466374934;JUEGO DE TRONOS;MARTIN, GEORGE R. R.;DEBOLSILLO;1;14,96;14,96
9788466374941;CHOQUE DE REYES;MARTIN, GEORGE R. R.;DEBOLSILLO;1;14,96;14,96
9788466374958;TORMENTA DE ESPADAS;MARTIN, GEORGE R. R.;DEBOLSILLO;1;14,96;14,96
9788466374965;FESTÍN DE CUERVOS;MARTIN, GEORGE R. R.;DEBOLSILLO;1;14,96;14,96
9788419680648;UNA MEMORIA LLAMADA IMPERIO;MARTINE, ARKADY;NOCTURNA EDICIONES;1;20,95;20,95
9789871180394;JUAN FLORIDO Y MARTA RIQUELME;MARTINEZ ESTRADA,EZEQUIEL;INTERZONA;1;14,00;14,00
9789871180806;TITERES DE PIES LIGEROS;MARTINEZ ESTRADA,EZEQUIEL;INTERZONA;1;14,00;14,00
9789873874314;CABEZA DE GOLIAT,LA;MARTINEZ ESTRADA,EZEQUIEL;INTERZONA;1;21,00;21,00
9789873874734;MARTA RIQUELME;MARTINEZ ESTRADA,EZEQUIEL;INTERZONA;1;9,90;9,90
9789871920761;CONSPIRACION EN EL PAIS DE TATA BATATA;MARTINEZ ESTRADA,EZEQUIEL;INTERZONA;1;19,50;19,50
9789871920259;EPISTOLARIO;MARTINEZ ESTRADA,EZEQUIEL;INTERZONA;1;14,00;14,00
9788418918643;ROPASUELTA;MARTINEZ, SANTOS;HOJA DE LATA EDITORIAL;1;22,90;22,90
9788494704376;CARCOMA;MARTINEZ,LAYLA;AMOR DE MADRE EDITORAS;1;18,00;18,00
9788466241953;DESCUBRE UN MUNDO ASOMBROSO;MARTUL HERNÁNDEZ, BELÉN;LIBSA;1;7,95;7,95
9788467043662;FRANKENSTEIN;MARY SHELLEY;TUSQUETS EDITORES;1;11,95;11,95
9788466795401;ÁGATA Y LOS ESPEJOS MENT;MASINI, BEATRICE;ANAYA ELE;2;11,90;5,95
9788466795418;NIÑA DE LOS PIES GRANDES;MASINI, BEATRICE;ANAYA ELE;2;11,90;5,95
9788466795425;REGALO DE LA HIJA DL REY;MASINI, BEATRICE;ANAYA ELE;2;11,90;5,95
9788466795432;LA PEQUEÑA DRAGONA;MASINI, BEATRICE;ANAYA ELE;2;11,90;5,95
9788467829310;ISABELITA LA EXPLORADORA;MASINI, BEATRICE;ANAYA INFANTIL Y JUVENIL;2;11,90;5,95
9788409453207;TODO LO QUE SE MUEVE 3ªED;MATA, VALERIA;COMISURA;1;18,00;18,00
9788410526488;FRANCISCO DE ASÍS DE BORBÓN, EL REY CONSORTE;MATEOS SAINZ DE MEDRANO,;ALMUZARA;1;25,95;25,95
9780593835203;THE LIFE IMPOSSIBLE;MATT HAIG;LAURA TEDESCO;1;6,00;6,00
9788412804669;HÉROES DE LA MITOLOGÍA GRIEGA;MATTIA, LUISA;GRIBAUDO;1;19,90;19,90
9788437635651;LOS HIJOS MUERTOS;MATUTE, ANA MARÍA;EDICIONES CÁTEDRA;1;22,95;22,95
9789200040856;EL IMPERIALISMO DEL DOLAR;MAURIZIO LAZZARATO;LAURA TEDESCO;1;5,00;5,00
9788408314134;MAMA ESTA DORMIDA;MÁXIMO HUERTA;TUSQUETS EDITORES;2;41,80;20,90
9788426407078;MUJERCITAS;MAY ALCOTT, LOUISA;LUMEN;1;24,90;24,90
9788087656488;LA MÁQUINA DIFAMATORIA;MAYKEL RAFAEL PANEQUE;EDICIONES INCUBADORA;4;51,60;12,90
9788437647982;"HIMMELWEG; EL JARDÍN QUE";MAYORGA, JUAN;EDICIONES CÁTEDRA;2;33,00;16,50
9788408313649;AMORES PARALELOS LOS;MAYTE UCEDA;TUSQUETS EDITORES;1;21,90;21,90
9788419583291;CANÍBAL SIN DIENTES;MAZARRASA, SANTIAGO;ALTAMAREA EDICIONES;1;18,90;18,90
9788417742690;ADIVINA CUÁNTO TE QUIERO. COLORES;MCBRATNEY, SAM;EDITORIAL KÓKINOS;1;11,50;11,50
9788419654915;BLACKWATER II. EL DIQUE;MCDOWELL, MICHAEL;BLACKIE BOOKS;1;9,90;9,90
9788419654953;BLACKWATER IV. LA GUERRA;MCDOWELL, MICHAEL;BLACKIE BOOKS;1;9,90;9,90
9788419654991;BLACKWATER VI. LLUVIA;MCDOWELL, MICHAEL;BLACKIE BOOKS;1;9,90;9,90
9788410323810;HIJA DE LA VENGANZA;MCDOWELL, MICHAEL;BLACKIE BOOKS;1;24,90;24,90
9788410346444;LA ESCUELA DE ETIQUETA MILLICENT QUIBB PARA JOVENE;MCKINNON, KATE;DUOMO EDICIONES;1;16,90;16,90
9788410080737;INCREIBLE HISTORIA DE LA ABUELITA QUE SALVO LA NAV;MCNAMARA, ALI;NEWTON COMPTON EDITORES;1;12,90;12,90
9788418359880;VAMPIRE ACADEMY - EL ULTIMO SACRIFICIO;MEAD,RICHELLE;EDITORIAL HIDRA;1;19,50;19,50
9788466938143;TABARE,DE JUAN ZORRILLA SAN MARTIN - EDICION CRITI;MEJIAS ALONSO,ALMUDENA;EDICIONES COMPLUTENSE;1;20,00;20,00
9789508891167;CHILE;MELAZZINI,SANTIAGO;LA MARCA EDITORA;1;5,50;5,50
9788411482738;LA RISA DE LAS MUJERES;MELCHIOR-BONNET, SABINE;ALIANZA EDITORIAL;1;24,95;24,95
9788418945069;ARCHIPIÉLAGO;MELERO, NINA;CONTRALUZ EDITORIAL;1;22,50;22,50
9788419822109;DIAMANTES DE KALIMANTÁN;MELERO, NINA;CONTRALUZ EDITORIAL;2;47,00;23,50
9788469847978;MOBY DICK;MELVILLE, HERMAN;ANAYA INFANTIL Y JUVENIL;2;27,90;13,95
9788417726058;EL FRACASO FELIZ;MELVILLE, HERMAN;ENEIDA;1;14,00;14,00
9788417555542;ONSEN 2ªED;MENA,PATO;A BUEN PASO;1;14,00;14,00
9788412283266;EL MATRIMONIO ANARQUISTA;MÉNDEZ, BEGOÑA;HURTADO Y ORTEGA EDITORES;2;36,00;18,00
9788437640082;UNA COMEDIA LIGERA;MENDOZA, EDUARDO;EDICIONES CÁTEDRA;2;41,90;20,95
9788430945528;SOBRE EL PODER;"MENÉNDEZ ALZAMORA, MANUEL;";TECNOS;1;27,50;27,50
9791399092455;EL CARTEL PROTESTA;"MENÉNDEZ-CONDE,ERNESTO;";HURÓN AZUL;3;135,00;45,00
9788410346994;VERONICA TORRES EN EL JARDIN DE LOS SECRETOS;MENENDEZ-PONTE, MARIA;DUOMO EDICIONES;1;14,90;14,90
9788413629803;EL PROCESO DE R.LANZAADN;MENÉNDEZ, RONALDO;ALIANZA EDITORIAL;1;19,95;19,95
9788420478852;EL RÍO DEL EDÉN;MERINO, JOSÉ MARÍA;ALFAGUARA;1;17,90;17,90
9788416968909;A TRAVES DEL QUIJOTE;MERINO,JOSE MARIA;REINO DE CORDELIA;1;28,50;28,50
9788412712209;LIBRO-DIORAMA DE LAS AVES, EL;MERRITT, MATT;FOLIOSCOPIO;2;48,00;24,00
9788433929686;OPOSICIÓN;MESA, SARA;EDITORIAL ANAGRAMA;1;18,90;18,90
9788419583123;MUCHACHAS SICILIANAS;MESSINA, MARÍA;ALTAMAREA EDICIONES;2;35,80;17,90
9789874198198;BRUJAS DE CARUPA;MEY,LUIS;FACTOTUM;1;14,00;14,00
9789290798224;ETHNO-RELIGIOUS CONFLICT IN EUROPE;MICHAEL EMERSON;LAURA TEDESCO;1;5,00;5,00
9788430627554;ÁLBUM RUSO, EL;MICHAEL IGNATIEFF;TAURUS;1;21,90;21,90
9788430990030;INQUIETUDES DE UN EUROPE;MICHAVILA PITARCH, FRANCISCO;TECNOS;1;26,50;26,50
9788420417165;LOS CANSADOS;MICHELE SERRA;TUSQUETS EDITORES;1;5,00;5,00
9788411488587;LA BRUJA;MICHELET, JULES;ALIANZA EDITORIAL;1;15,95;15,95
9780241334140;BECOMING;MICHELLE OBAMA;TUSQUETS EDITORES;1;7,00;7,00
9788419951656;SUPREMACÍA CUÁNTICA: LA REVOLUCIÓN TECNOLÓGICA QUE LO CAMBIARÁ TODO / QUANTUM SU PREMACY: HOW THE QUANTUM CO MPUTER REVOLUTION WILL CHANGE EVERYTHING;MICHIO. KAKU;DEBATE;1;23,90;23,90
9788412850185;ELOGIO DE LA DESOBEDIENCIA;MICHNIK, ADAM;LADERA NORTE;1;22,90;22,90
9788419036735;DE DANTE A BORGES;MICÓ, JOSÉ MARÍA;ACANTILADO;2;36,00;18,00
9788467064247;EL HIJO DEL CAPITAN TRUENO;MIGUEL BOSE;TUSQUETS EDITORES;1;19,90;19,90
9788490020746;LOS TRABAJOS DE PERSILES Y SIGISMUNDA, HISTORIA SEPTENTRIONAL;MIGUEL DE CERVANTES;HIPERIÓN;1;22,00;22,00
9788423354276;EL HEREJE;MIGUEL DELIBES;EDICIONES DESTINO;1;11,95;11,95
9788430595488;MIGUEL HERNÁNDEZ PARA NIÑOS;MIGUEL HERNÁNDEZ;SUSAETA;1;15,95;15,95
9788419490308;MUJER DE DIOS, LA;MIJALOPULU, AMANDA;CONSONNI;1;20,00;20,00
9788466679381;GAME PLAN: EL MÉTODO PARA VIVIR, TRABAJAR Y COMPETIR AL MÁXIMO NIVEL DURANTE EL MAYOR TIEMPO POSIBLE / GAME PLAN;MIKE. MANCIAS;B;1;21,90;21,90
9791387871338;CUANDO LLEGA LA NOCHE;MIKEL SANTIAGO;B;1;11,95;11,95
9781842369418;ANIMAL KINGDOM;MILES KELLY;LAURA TEDESCO;1;6,00;6,00
9788418504297;GRANTA MEJORES NARRADORES JOVENES EN ESPAÑOL,LOS 2;MILES,VALERIE;CANDAYA,S.L;1;18,00;18,00
9788410073302;TIEMPO ES UNA BABOSA, EL;MILKEWITZ, CAROL;VALPARAÍSO EDICIONES;1;12,00;12,00
9788420478760;TONTO, MUERTO, BASTARDO E INVISIBLE;MILLÁS, JUAN JOSÉ;ALFAGUARA;1;17,90;17,90
9788420471228;LA CONCIENCIA CONTADA POR UN SAPIENS A UN NEANDERTAL;"MILLÁS, JUÁN JOSÉ; ARSUAGA,";ALFAGUARA;1;19,90;19,90
9788411485166;LA CANCIÓN DE AQUILES [A;MILLER, MADELINE;ALIANZA EDITORIAL;1;11,95;11,95
9788413621524;CIRCE [ADN];MILLER, MADELINE;ALIANZA EDITORIAL;2;23,90;11,95
9788419670151;AVA;"MIRALLES, ANA;RUIZ, EMILIO";ASTIBERRI EDICIONES;2;50,00;25,00
9788417932480;DESCUBRE EL ARTE DE HABLAR EN PUBLICO 4ªED;MIRALLES, FERNANDO;VANIR EDITORIAL;1;20,90;20,90
9788425335495;CONCEPCIÓN, EMBARAZO Y PARTO;MIRIAM STOPPARD;LAURA TEDESCO;1;6,00;6,00
9788412779875;INTELIGENCIA ARTIFICIAL;MITCHELL, MELANIE;CAPITÁN SWING LIBROS;1;26,00;26,00
9788493431501;A LA CAZA DEL AMOR 11ªED;MITFORD,NANCY;LIBROS DEL ASTEROIDE;1;15,95;15,95
9788419819802;CROSS GAME 4;MITSURU ADACHI;PENGUIN RANDOM HOUSE;1;16,95;16,95
9788437638591;DEMOCRACIA FEMINISTA;MIYARES, ALICIA;EDICIONES CÁTEDRA;1;16,95;16,95
9788437642017;DISTOPÍAS PATRIARCALES;MIYARES, ALICIA;EDICIONES CÁTEDRA;1;16,50;16,50
9788419035882;GAUCHE EL VIOLONCHELISTA;MIYAZAWA, KENJI;SATORI EDICIONES C.B.;1;10,00;10,00
9788494746741;TREN NOCTURNO DE LA VIA LACTEA,EL NE-3ªED;MIYAZAWA,KENJI;SATORI EDICIONES C.B.;1;17,00;17,00
9780141029542;THE RELUCTANT FUNDAMENTALIST;MOHSIN HAMID;LAURA TEDESCO;1;5,00;5,00
9788466378796;LAS MADRES;MOLA, CARMEN;DEBOLSILLO;1;12,95;12,95
9788466378789;LA NENA;MOLA, CARMEN;DEBOLSILLO;1;12,95;12,95
9788466378772;LA RED PÚRPURA;MOLA, CARMEN;DEBOLSILLO;1;12,95;12,95
9788420651248;LIDERAZGO: HECHO FICCION;"MOLERO, FERNANDO;MORALES,";ALIANZA EDITORIAL;2;43,90;21,95
9788419822901;CUANDO TE ATREVAS;MOLINA, TAMARA;CONTRALUZ EDITORIAL;3;56,85;18,95
9788419822925;CUANDO TE ATREVAS;MOLINA, TAMARA;CONTRALUZ EDITORIAL;1;23,95;23,95
9788410249127;ZOZOBRA;MOLINARD, BARBARA;EDITORIAL SEXTO PISO;4;71,60;17,90
9788439744054;MARCIANO;MONA FERNÁNDEZ;RANDOM HOUSE;1;21,90;21,90
9788439744092;LOS VIVOS;MONGE, EMILIANO;RANDOM HOUSE;1;17,90;17,90
9788414340578;EL VIAJE IMPOSIBLE;MONTAÑÁ, RUBÈN;ANAYA INFANTIL Y JUVENIL;2;15,90;7,95
9788492705191;TALLER BLANCO Y OTROS ENSAYOS,EL;MONTEJO,EUGENIO;SIBILA;1;12,00;12,00
9788420478210;LA CARNE;MONTERO, ROSA;ALFAGUARA;1;17,90;17,90
9788420475837;LA DESCONOCIDA;"MONTERO, ROSA; TRUC, OLIVIER";ALFAGUARA;1;18,90;18,90
9788419347008;NODO;MONTERRIOS, MORALES;VALPARAÍSO EDICIONES;1;12,00;12,00
9788411486361;CUENTOS;MONTERROSO, AUGUSTO;ALIANZA EDITORIAL;1;11,95;11,95
9788414334478;ANA DE LAS TEJAS VERDES;MONTGOMERY, LUCY MAUD;ANAYA INFANTIL Y JUVENIL;1;13,95;13,95
9788410080539;SECRETO DE ADELA,EL;MONTILLA, MAR;NEWTON COMPTON EDITORES;1;12,90;12,90
9788491814382;DE OTRO LUGAR (ADN);MONTOYA, ÓSCAR;ALIANZA EDITORIAL;1;17,95;17,95
9788413622231;LO QUE TE PERSIGUE (ADN);MONTOYA, ÓSCAR;ALIANZA EDITORIAL;1;18,95;18,95
9788410138582;MURCIÉLAGOS BLANCOS;MONTOYA, ÓSCAR;ADN EDITORIAL GRUPO ANAYA;1;19,95;19,95
9788417096298;HAY UN SITIO DETRAS DE LOS INCENDIOS;MONTOYA,JESUS;VALPARAÍSO EDICIONES;1;12,00;12,00
9786079436353;MADRES Y PERROS;MORABITO,FABIO;EDITORIAL SEXTO PISO;2;35,80;17,90
9788484726593;JOSE MARIA ARGUEDAS EL RETO DE LA DUALIDAD CULTURA;MORALES ORTIZ,GRACIA;EDITORIAL RENACIMIENTO;1;20,00;20,00
9788448863784;ESTO LO LEO YO. ¡QUÉ DIVERTIDO ES JUGAR!;MORENO DÍAZ, PILAR;BEASCOA;1;9,95;9,95
9788430971145;LOS COLORES DE LA PATRIA;"MORENO LUZÓN, JAVIER;NÚÑEZ";TECNOS;1;28,50;28,50
9788419172877;CARTAS DE AMOR DE 0 A 10;MORGENTSTERN, SUSIE;BLACKIE BOOKS;2;35,80;17,90
9788419158772;UNA MUJER AFORTUNADA. HISTORIA DE UNA MEDICA RURAL;MORLAND, POLLY;ERRATA NATURAE EDITORES;2;46,00;23,00
9788419834171;MARIPOSAS DE SARAJEVO, LAS;MORRIS, PRISCILLA;DUOMO EDICIONES;1;19,00;19,00
9788426424617;LAS DOS AMIGAS (UN RECITATIVO);MORRISON, TONI;LUMEN;1;17,90;17,90
9788466355933;JAZZ;MORRISON, TONI;DEBOLSILLO;1;10,95;10,95
9788419234452;PUTO BOOMER;MOSO, ROBERTO;LIBURUAK;1;20,00;20,00
9788411483971;SELECCIÓN AUTOMÁTICA;MOTOYA, YUKIKO;ALIANZA EDITORIAL;1;18,95;18,95
9788466753531;EN BOSQUE DE HOJA CADUCA;MOURE, GONZALO;ANAYA ELE;2;27,00;13,50
9788425365607;CRIAR JUNTOS/ RAISING KIDS TOGETHER;MRIAM. TIRADO;GRIJALBO;1;21,90;21,90
9788412447965;CAMINAR POR AGUAS CRISTALINAS;MUELLER, COOKIE;LOS TRES EDITORES;1;23,90;23,90
9780857056788;THE PRESIDENT'S GARDEN;MUHSIN AL-RAMLI;TUSQUETS EDITORES;1;8,00;8,00
9788498958553;CUANDO TODO CALLA;MÚJICA, HUGO;VISOR;1;12,00;12,00
9789500209335;LOS MEJORES CUENTOS FANTASTICOS;MÚLTIPLES;TUSQUETS EDITORES;1;6,00;6,00
9788417417727;ROM COM;MUÑIZ, CLAUDIA;CABALLO DE TROYA;2;31,80;15,90
9788467861372;LA VOZ DE ÁRBOL;MUÑOZ PUELLES, VICENTE;ANAYA INFANTIL Y JUVENIL;1;13,50;13,50
9788413624808;LA CAPACIDAD DE AMAR DEL;MUÑOZ-RENGEL, JUAN JACINTO;ALIANZA EDITORIAL;1;17,95;17,95
9788412782738;SOPA DE MISO;MURAKAMI, RYU;MALAS TIERRAS EDITORIAL;1;22,50;22,50
9788418668418;MAQUINA DEL AMOR SAGRADO,LA Y PROFANO;MURDOCH,IRIS;IMPEDIMENTA;1;25,50;25,50
9788432250651;LA ELEGANCIA DEL ERIZO;MURIEL BARBERY;TUSQUETS EDITORES;1;5,00;5,00
9788412447972;ELOISA VERTICAL;MURILLO, CATALINA;LOS TRES EDITORES;1;17,00;17,00
9788412757071;OJO DE GOLIAT,EL;MUZZIO, DIEGO;EDITORIAL LAS AFUERAS;1;18,95;18,95
9788416588831;LOS CUENTOS QUE NUNCA NOS CONTARON / THE STORIES THEY NEVER TOLD US;MYRIAM SAYALERO;NUBE DE TINTA;1;18,95;18,95
9788418481789;SIMONE WEIL;NACCI, MICHELA;ALTAMAREA EDICIONES;1;11,90;11,90
9788412661835;CUBA: MEMORIA IMAGINARIA;NACHO RODRÍGUEZ;HURÓN AZUL;1;29,00;29,00
9780007221981;A GOOD LAND;NADA AWAR JARRAR;LAURA TEDESCO;1;4,00;4,00
9780571313303;SEASON OF THE RAINBIRDS;NADEEM ASLAM;TUSQUETS EDITORES;1;4,00;4,00
9788413431215;SIEMPRE ESTUVE AQUÍ;NADIA TERRANOVA;KALANDRAKA;1;14,00;14,00
9789876999304;UN DESTINO SUDAMERICANO;NANCY CALOMARDE;EDITORIAL UNIVERSITARIA VILLA;6;132,00;22,00
9788499086583;LA ACTITUD MENTAL POSITIVA;NAPOLEON. STONE HILL (W;DEBOLSILLO;1;13,95;13,95
9788410138100;HOLA, PRECIOSA;NAPOLITANO, ANN;ADN EDITORIAL GRUPO ANAYA;1;22,95;22,95
9788416145423;ENSAYOS SOBRE PSICOLOGIA DE LOS ENEATIPOS;NARANJO COHEN, CLAUDIO;EDICIONES LA LLAVE;1;22,00;22,00
9788416145645;DRAMATIS PERSONAE;NARANJO,CLAUDIO;EDICIONES LA LLAVE;1;28,00;28,00
9788419035875;SUEÑOS DE DIEZ NOCHES, LOS;NATSUME, SOSEKI;SATORI EDICIONES C.B.;1;10,00;10,00
9788437647272;EL COMUNISMO EN ESPAÑA;NAVARRA, ANDREU;EDICIONES CÁTEDRA;1;21,95;21,95
9788437644127;MITOS BÍBLICOS PATRIARCA;NAVARRO PUERTO, MERCEDES;EDICIONES CÁTEDRA;1;16,95;16,95
9788466358774;DE NINGUNA PARTE;NAVARRO, JULIA;DEBOLSILLO;1;13,95;13,95
9788466333719;DISPARA, YO YA ESTOY MUERTO;NAVARRO, JULIA;DEBOLSILLO;1;13,95;13,95
9788466356626;TÚ NO MATARÁS;NAVARRO, JULIA;DEBOLSILLO;1;12,95;12,95
9788417517649;CASAS VACIAS 7ªED;NAVARRO,BRENDA;EDITORIAL SEXTO PISO;3;50,70;16,90
9788418342714;CENIZA EN LA BOCA 6ªED;NAVARRO,BRENDA;EDITORIAL SEXTO PISO;3;56,70;18,90
9788412743104;PEQUEÑO MUNDO ILUSTRADO (NE);NEGRONI, MARIA;WUNDERKAMMER;1;16,00;16,00
9788416193530;EXILIUM;NEGRONI,MARIA;VASO ROTO EDICIONES;1;14,00;14,00
9788416193424;ARTE DEL ERROR,EL;NEGRONI,MARIA;VASO ROTO EDICIONES;1;12,00;12,00
9788494898952;ARCHIVO DICKINSON;NEGRONI,MARIA;VASO ROTO EDICIONES;1;18,00;18,00
9788417605032;CUENTOS PARA REPARAR ALAS ROTAS;"NEKANE GONZÁLEZ MORALES;";NUBE DE TINTA;1;15,95;15,95
9798218480264;SELECTED PAINTINGS;NELSON JALIL;NELSON JALIL;4;156,00;39,00
9780349106533;LONG WALK TO FREEDOM;NELSON MANDELA;LAURA TEDESCO;1;7,00;7,00
9780349117768;FROM FREEDOM TO THE FUTURE;NELSON MANDELA;LAURA TEDESCO;1;5,00;5,00
9788419456892;EL PEÓN EN EL TABLERO;NÉMIROVSKY, IRÈNE;SALAMANDRA;1;20,00;20,00
9788418107009;LOS FUEGOS DE OTOÑO;NÉMIROVSKY, IRÈNE;SALAMANDRA;1;19,00;19,00
9788437624662;VEINTE POEMAS DE AMOR Y;NERUDA, PABLO;EDICIONES CÁTEDRA;2;21,90;10,95
9788437638645;POESÍA POLÍTICA;NERUDA, PABLO;EDICIONES CÁTEDRA;1;18,95;18,95
9788418504709;UNA FABULA SENCILLA;NESPOLO, MATIAS;CANDAYA,S.L;1;18,00;18,00
9788582342282;LA EDAD DE PIEDRA;NÉSTOR DÍAZ DE VILLEGAS;LUMME EDITOR;1;17,00;17,00
9781544011080;PARA MATAR A ROBIN HOOD;NÉSTOR DÍAZ DE VILLEGAS;HYPERMEDIA EDICIONES;3;51,00;17,00
9782868070715;ANARQUÍA EN DISNEYLANDIA;NÉSTOR DÍAZ DE VILLEGAS;ÉDITIONS DELEATUR;3;60,00;20,00
9788496846715;CHE EN MIAMI;NÉSTOR DÍAZ DE VILLEGAS;ADVANA VIEJA;1;17,00;17,00
9788582341216;LA SANGRE DEL POETA;NÉSTOR DÍAZ DE VILLEGAS;LUMME EDITOR;3;24,00;8,00
9788433999061;HIJA ÚNICA, LA;NETTEL, GUADALUPE;EDITORIAL ANAGRAMA;1;18,90;18,90
9788448863814;UNA CASA DE LOCOS ¿QUIÉN ESTÁ MÁS LOCO?;NICKELODEON;PENGUIN RANDOM HOUSE;1;13,95;13,95
9788491996101;NI UNA, NI GRANDE, NI LIBRE;NICOLAS SESMA;EDITORIAL CRÍTICA;1;25,90;25,90
9788410359833;ULTIMO CIELO PERDIDO, EL;NIETO PALLARES, MARCOS;NEWTON COMPTON EDITORES;1;6,90;6,90
9788417726706;EL CAMINANTE Y SU SOMBRA;NIETZSCHE, FRIEDRICH;ENEIDA;1;15,00;15,00
9788491056195;CUENTOS DE SAN PETERSBURGO;NIKOLÁI V. GÓGOL;PENGUIN CLÁSICOS;1;12,95;12,95
9788420433240;LA OCTAVA VIDA;NINO HARATISCHWILI;ALFAGUARA;1;28,90;28,90
9789200040412;EL RABINO;NOAH GORDON;LAURA TEDESCO;1;5,00;5,00
9788413627113;MUJERES ARTISTAS;NOCHLIN, LINDA;ALIANZA EDITORIAL;1;46,95;46,95
9788075210487;LOS AMORES EJEMPLARES;NONARDO PEREA;FRA;9;103,20;11,47
9788410178229;NI ME GUSTA MI CUELLO NI ME ACUERDO DE NADA;NORA EPHRON;LIBROS DEL ASTEROIDE;1;25,95;25,95
9788401016721;LA MENTIRA;NORA ROBERTS;PLAZA&JANES;1;21,90;21,90
9788433977199;METAFÍSICA DE LOS TUBOS - CM;NOTHOMB, AMÉLIE;EDITORIAL ANAGRAMA;1;11,90;11,90
9788433929723;LIBRO DE LAS HERMANAS, EL;NOTHOMB, AMÉLIE;EDITORIAL ANAGRAMA;1;18,90;18,90
9788419834072;EXTRAÑA SALLY DIAMOND, LA;NUGENT, LIZ;DUOMO EDICIONES;1;20,00;20,00
9791259574978;THE TRUTH UNTOLD. LA VERDAD QUE NOS SEPARA;NULL, ROKIA;MAGAZZINI SALANI;1;19,90;19,90
9788433980380;AMIGO, EL;NUNEZ, SIGRID;EDITORIAL ANAGRAMA;1;19,90;19,90
9788477743057;LA FRAGILIDAD DEL BIEN;NUSSBAUM, MARTHA CRAVEN;LA BALSA DE LA MEDUSA;2;55,80;27,90
9788483933862;EXILIO;OBLIGADO, CLARA;PÁGINAS DE ESPUMA SL;2;20,00;10,00
9788412447903;LUCHA POR LA LENGUA, LA;ODIO, EUNICE;LOS TRES EDITORES;1;14,50;14,50
9788412041828;YO TENGO UN MOCO;ODRIOZOLA BELASTEGUI,ELENA;EDICIONES MODERNAS EL;1;14,96;14,96
9788417553593;GABINETE DE LOS OCULTISTAS,EL 2ªED;ÖHRI,ARMIN;IMPEDIMENTA;1;22,50;22,50
9788415934233;NEFANDO 6ªED;OJEDA FRANCO,MONICA;CANDAYA,S.L;1;16,00;16,00
9788483932827;LAS VOLADORAS;OJEDA, MÓNICA;PÁGINAS DE ESPUMA SL;1;16,00;16,00
9788498955996;EL PADRE;OLDS, SHARON;VISOR;1;18,00;18,00
9788413791388;EJERCICIOS PARA RALENTIZAR EL DETERIORO COGNITIVO;OLIVAR NOGUERA, IGNACIO;EDITORIAL CCS;1;19,95;19,95
9780330526142;MIGRAINE;OLIVER SACKS;TUSQUETS EDITORES;1;4,00;4,00
9788425365157;SER BEBÉ;OLIVERA BELART;GRIJALBO;1;23,90;23,90
9788419943118;ALLA LEJOS, UNOS PAJAROS;OLIVERA, JORGE;LIBROS DE LA RESISTENCIA;1;14,00;14,00
9788413622170;EL GRAN ROJO (ADN);OLMO, BENITO;ALIANZA EDITORIAL;1;18,95;18,95
9788413628240;LA MANIOBRA DE LA TORTUG;OLMO, BENITO;ALIANZA EDITORIAL;1;18,95;18,95
9788411481601;LOS DÍAS FELICES (ADN);OLMO, BENITO;ALIANZA EDITORIAL;1;19,95;19,95
9788412480238;SILENCIOS 2ªED;OLSEN, TILLIE;EDITORIAL LAS AFUERAS;1;13,95;13,95
9788437604336;EL ASTILLERO;ONETTI, JUAN CARLOS;EDICIONES CÁTEDRA;2;27,00;13,50
9788415689928;LA UTILIDAD DE LO INÚTIL;ORDINE, NUCCIO;ACANTILADO;2;24,00;12,00
9788419036759;GEORGE STEINER, EL HUÉSPED INCÓMODO;ORDINE, NUCCIO;ACANTILADO;1;12,00;12,00
9789491515644;EL PLACER Y EL SERENO;ORESTES HURTADO;BOKEH;4;78,00;19,50
9788483460023;LA CASA DEL SILENCIO;ORHAN PAMUK;DEBOLSILLO;1;5,00;5,00
9798250180542;OLVIDOS Y OBITUARIOS;ORLANDO LUIS PARDO LAZO;AGNI EDICIONES;18;100,00;5,56
9788448863753;EL DRAGÓN DE LAS LETRAS 2: EL LEÓN DESMELENADO NO SE COME NI UN BOCADO;ORO, BEGOÑA;BEASCOA;1;7,95;7,95
9788448868987;APRENDE A LEER EN LETRA MAYÚSCULA: UN OSO TRABAJADOR Y EL PROBLEMA DEL ORDENADOR;ORO, BEGOÑA;BEASCOA;1;7,95;7,95
9788492857647;POESIA COMPLETA OLGA OROZCO 3ªED;OROZCO,OLGA;ADRIANA HIDALGO EDITORA;1;23,00;23,00
9788411483582;1080 RECETAS DE COCINA;ORTEGA KLEIN, SIMONE;ALIANZA EDITORIAL;2;71,90;35,95
9788491815518;1080 RECETAS DE COCINA;ORTEGA, SIMONE;ALIANZA EDITORIAL;2;33,90;16,95
9788469890950;EL TREN FANTASMA;ORUÑA, MARÍA;ANAYA INFANTIL Y JUVENIL;2;27,90;13,95
9788412648966;CORRUPCION DEL LENGUAJE,LA;ORWELL,GEORGE;PAGINA INDOMITA;1;14,90;14,90
9788433948861;BUKELE, EL REY DESNUDO;ÓSCAR MARTÍNEZ;EDITORIAL ANAGRAMA;4;55,60;13,90
9788491057208;RETRATO DE DORIAN GRAY, EL;OSCAR WILDE;PENGUIN CLÁSICOS;1;10,95;10,95
9788412145748;AZARES DEL CUERPO;OSPINA PIZANO,MARIA;EDITORIAL LAS AFUERAS;2;33,90;16,95
9788466679824;EL PUENTE;OSUNA, ÁNGEL;B;1;21,90;21,90
9789200041686;UNA SOMBRA YA PRONTO SERÁS;OSVALDO SORIANO;LAURA TEDESCO;1;5,00;5,00
9788419738615;VIBRACIÓN;OVEJERO, JOSÉ;GALAXIA GUTENBERG;1;21,00;21,00
9788419703545;CHICA SALVAJE,LA;OWENS, DELIA;ATICO DE LOS LIBROS;1;9,95;9,95
9788412244076;NUDOS;OYEHAUG,GUNNHILD;EDITORIAL LAS AFUERAS;1;17,95;17,95
9788419834386;COMO UN SUSPIRO;OZPETEK,FERZAN;DUOMO EDICIONES;1;8,95;8,95
9788491995326;MADRID, METROPOLI;PABLO DEL HIERRO;EDITORIAL CRÍTICA;1;21,90;21,90
9788433948052;EL CONTRABANDO EJEMPLAR;PABLO MAURETTE;EDITORIAL ANAGRAMA;2;39,80;19,90
9788430540150;PABLO NERUDA PARA NIÑOS;PABLO NERUDA;SUSAETA;1;15,95;15,95
9788433922304;ESTUVE AQUÍ Y ME ACORDÉ DE NOSOTROS;PACHECO, ANNA;EDITORIAL ANAGRAMA;2;29,80;14,90
9788420479101;PRESENTES;PACO CERDA;ALFAGUARA;1;20,90;20,90
9788433948038;TEORÍA DEL JUEGO;PACO, ARIÀ;EDITORIAL ANAGRAMA;2;39,80;19,90
9788419347657;DODECADENCIAS;PADILLA,JAVIER;VALPARAÍSO EDICIONES;1;12,00;12,00
9788437644226;MÁSCARAS;PADURA, LEONARDO;EDICIONES CÁTEDRA;1;15,90;15,90
9788433998217;LO QUE OLVIDAMOS;PALOMA DÍAZ-MAS;TUSQUETS EDITORES;1;6,00;6,00
9788408274483;ULTIMOS DIAS EN BERLIN;PALOMA SANCHEZ GARNICA;TUSQUETS EDITORES;1;13,95;13,95
9788408295853;VICTORIA;PALOMA SÁNCHEZ-GARNICA;TUSQUETS EDITORES;1;22,90;22,90
9788418284359;LOCO HIGUITA Y EL ESCORPION, EL (NUEVA EDICION);PALOMO COUSIDO, JAIME;BOOKOLIA;1;12,50;12,50
9788498427486;EJERCICIOS PRACTICOS PARA MEJORAR LA MEMORIA;PALOMO, MONICA;EDITORIAL CCS;1;16,50;16,50
9780143122968;BRINGING UP BEBE;PAMELA DRUCKERMAN;LAURA TEDESCO;1;6,00;6,00
9788483933343;CUENTOS COMPLETOS;PANERO, LEOPOLDO MARÍA;PÁGINAS DE ESPUMA SL;1;21,00;21,00
9788437635811;EL SOCIALISMO;PANIAGUA FUENTES, JAVIER;EDICIONES CÁTEDRA;1;17,50;17,50
9788420686523;SIGNIFICADO ARTES VISUAL;PANOFSKY, ERWIN;ALIANZA EDITORIAL;2;65,90;32,95
9788412375770;TODO MENOS INVIERNO;PAOLA ASSAD BARBARINO;LECTURAS DE ARRAIGO;1;20,00;20,00
9786079436964;VIRUS TROPICAL 2ªED;PAOLA,POWER;EDITORIAL SEXTO PISO;2;29,80;14,90
9788437621661;MEMORIAS DE UN SOLTERÓN;PARDO BAZÁN, EMILIA;EDICIONES CÁTEDRA;2;31,80;15,90
9788420693934;DESTRIPADOR DE ANTAÑO;PARDO BAZÁN, EMILIA;ALIANZA EDITORIAL;2;25,90;12,95
9788437639031;LA MUJER ESPAÑOLA Y OTRO;PARDO BAZÁN, EMILIA;EDICIONES CÁTEDRA;1;20,50;20,50
9788496745735;CUENTOS DE NAVIDAD Y REYES;PARDO BAZÁN, EMILIA;CLAN;2;42,00;21,00
9791387576042;LA GOTA DE SANGRE;PARDO BAZAN,EMILIA;EDICIONS PERELLÓ;1;12,00;12,00
9788411481441;UNA MADRE (ADN);PAREJO, ALEJANDRA;ALIANZA EDITORIAL;1;19,95;19,95
9788498387384;UNA VOZ ESCONDIDA;PARINOUSH SANIEE;TUSQUETS EDITORES;1;6,00;6,00
9788498385953;EL LIBRO DE MI DESTINO;PARINOUSH SANIEE;TUSQUETS EDITORES;1;8,00;8,00
9788412652802;LA MANO QUE CURA;PARRA OCHOA, LINA MARÍA;EDITORIAL TRÁNSITO;2;39,00;19,50
9788475220703;VIOLETA DEL PUEBLO;PARRA, VIOLETA;VISOR;2;28,00;14,00
9788413431680;¿ASÍ O ASÍ?;PASCUAL DE LA TORRE, MARÍA;KALANDRAKA;1;12,00;12,00
9788419583611;TABERNÁCULO DE LAS COSAS MUNDANAS;PASOLINI, PIER PAOLO;ALTAMAREA EDICIONES;1;11,90;11,90
9788419583659;PASOLINI SEGÚN PASOLINI;PASOLINI, PIER PAOLO;ALTAMAREA EDICIONES;2;37,80;18,90
9788419583550;NO ES FIERA PARA DOMAR;PATO, IGNACIO;ALTAMAREA EDICIONES;1;19,90;19,90
9788412365139;LA FISURA ENTRA POR LAS MANOS;PATRICIA FIGUERO CORREA;LIBERO EDITORIAL;1;12,00;12,00
9788413148021;ERCILLA Y LAS CONTRADICCIONES DEL IMPERIO / ERCILLA AND THE CONTRADICTIONS OF THE EMPIRE;PATRICIA. CERDA;B DE BOLSILLO;1;14,96;14,96
9788433949158;EN TODO HAY UNA GRIETA Y POR ELLA ENTRA LA LUZ;PATRICIO PRON;EDITORIAL ANAGRAMA;2;37,80;18,90
9788401337208;EL NOMBRE DEL VIENTO;PATRICK ROTHFUSS;TUSQUETS EDITORES;1;12,00;12,00
9788410346505;VIAS CRUZADAS;PATTERSON, JAMES;DUOMO EDICIONES;1;8,95;8,95
9788412779950;HOMBRES FOSILES;PATTISON, KERMIT;CAPITÁN SWING LIBROS;1;28,00;28,00
9788466665735;LA COCINA DE LOS VALIENTES;PAU ARENÓS;B;1;24,90;24,90
9788433967688;CREÍA QUE MI PADRE ERA DIOS;PAUL AUSTER;LAURA TEDESCO;1;7,00;7,00
9788432241581;UN PAÍS BAÑADO EN SANGRE;PAUL AUSTER Y SPENCER;TUSQUETS EDITORES;1;8,00;8,00
9788420424811;EL CIELO PROTECTOR;PAUL BOWLES;TUSQUETS EDITORES;1;5,00;5,00
9788482398631;VIDA Y VENTURAS DE UN BORRICO DE NORIA... Y SU RELOJERICO;PAULINA MONCKEBERG;TUSQUETS EDITORES;1;8,00;8,00
9788494833526;LA PLAYA;PAVESE, CESARE;ALTAMAREA EDICIONES;2;33,80;16,90
9788412520507;LA MIRADA DE LAS PLANTAS;PAZ SOLDÁN ÁVILA, JOSÉ;ALMADIA ALJOSAN S.R.L.U.;2;41,90;20,95
9788493890384;BOLAÑO SALVAJE 2ªED;PAZ SOLDAN,EDMUNDO;CANDAYA,S.L;1;25,00;25,00
9788493591472;RIO FUGITIVO;PAZ SOLDAN,EDMUNDO;LIBROS DEL ASTEROIDE;1;20,95;20,95
9788437648446;PRIMERAS LETRAS (1931-1);PAZ, OCTAVIO;EDICIONES CÁTEDRA;1;21,95;21,95
9788418082832;JARDIN TRANSPARENTE;PE¥A,CAMILA;VALPARAÍSO EDICIONES;1;12,00;12,00
9788467033953;LA VIDA ES SUEÑO;PEDRO CALDERON DE LA BARCA;TUSQUETS EDITORES;1;8,95;8,95
9788423365883;LOS NUEVOS;PEDRO MAIRAL;EDICIONES DESTINO;1;21,90;21,90
9788467071740;LOS SIGUIENTES;PEDRO SIMON;TUSQUETS EDITORES;2;43,80;21,90
9788415740490;CUESTION DE TIEMPO;PEIRE,CARMEN;MENOSCUARTO EDICIONES;1;15,90;15,90
9788426431448;FOSCA;PELEGRIN, INMA;LUMEN;1;19,90;19,90
9788417550714;DIARIOS PUBLICOS Y PRIVADOS;PELIZZARO,ALESSANDRA;EDITORIAL RENACIMIENTO;1;17,90;17,90
9780006543541;THE BOOKSHOP;PENELOPE FITZGERALD;TUSQUETS EDITORES;1;4,00;4,00
9788437631318;EL RACISMO Y LA XENOFOBI;PERCEVAL, JOSÉ MARÍA;EDICIONES CÁTEDRA;2;35,00;17,50
9788437634579;EL HUMOR Y SUS LÍMITES;PERCEVAL, JOSÉ MARÍA;EDICIONES CÁTEDRA;2;35,00;17,50
9788437641942;EL POPULISMO;PERCEVAL, JOSÉ MARÍA;EDICIONES CÁTEDRA;1;17,50;17,50
9788413626338;EL MITO DEL CEREBRO CREA;PÉREZ ÁLVAREZ, MARINO;ALIANZA EDITORIAL;1;21,95;21,95
9788437625430;MARIANELA;PÉREZ GALDÓS, BENITO;EDICIONES CÁTEDRA;2;21,90;10,95
9788437624129;EPISODIOS NACIONALES;PÉREZ GALDÓS, BENITO;EDICIONES CÁTEDRA;1;31,95;31,95
9788437627342;FORTUNATA Y JACINTA, I;PÉREZ GALDÓS, BENITO;EDICIONES CÁTEDRA;2;39,90;19,95
9788437627359;FORTUNATA Y JACINTA, II;PÉREZ GALDÓS, BENITO;EDICIONES CÁTEDRA;2;39,90;19,95
9788466784221;FORTUNATA Y JACINTA;PÉREZ GALDÓS, BENITO;ANAYA ELE;1;14,90;14,90
9788493474645;TORQUEMADA EN LA HOGUERA 2ªED;PEREZ GALDOS,BENITO;PERIFÉRICA;1;13,00;13,00
9788420482804;GUERRA CIVIL CONTADA A LOS JOVENES, LA;PEREZ REVERTE, ARTURO;ALFAGUARA;1;17,95;17,95
9788466350006;HOMBRES BUENOS;PÉREZ-REVERTE, ARTURO;DEBOLSILLO;1;12,95;12,95
9788466371520;REVOLUCIÓN;PÉREZ-REVERTE, ARTURO;DEBOLSILLO;1;13,95;13,95
9788484502630;TERRITORIO COMANCHE;PÉREZ-REVERTE, ARTURO;DEBOLSILLO;1;10,95;10,95
9788490626603;CABO TRAFALGAR;PÉREZ-REVERTE, ARTURO;DEBOLSILLO;1;12,95;12,95
9788490626580;EL TANGO DE LA GUARDIA VIEJA;PÉREZ-REVERTE, ARTURO;DEBOLSILLO;1;10,95;10,95
9788420419688;FALCÓ;PÉREZ-REVERTE, ARTURO;ALFAGUARA;1;21,90;21,90
9788414334966;¡Y UN CUERNO!;PÉREZ-SAUQUILLO, VANESA;ANAYA INFANTIL Y JUVENIL;1;13,50;13,50
9788414334973;EL DRAGONCITO PÉREZ;PÉREZ-SAUQUILLO, VANESA;ANAYA INFANTIL Y JUVENIL;1;13,50;13,50
9788419670540;NOCTURNOS;PEREZ, LAURA;ASTIBERRI EDICIONES;1;21,00;21,00
9788498957143;PLAYSTATION;PERI ROSSI, CRISTINA;VISOR;1;12,00;12,00
9788419964069;JULIO CORTAZAR Y CRIS;PERI ROSSI, CRISTINA;MENOSCUARTO EDICIONES;2;31,80;15,90
9788415740858;NAVE DE LOS LOCOS, LA;PERI ROSSI, CRISTINA;MENOSCUARTO EDICIONES;1;19,90;19,90
9788496932890;NOCHE Y SU ARTIFICIO,LA 2ªED;PERI ROSSI,CRISTINA;EDICIONES CÁLAMO;1;12,00;12,00
9788415740636;INSUMISA,LA 4ªED;PERI ROSSI,CRISTINA;MENOSCUARTO EDICIONES;1;17,90;17,90
9788415740759;AMORES EQUIVOCADOS,LOS 2ªED;PERI ROSSI,CRISTINA;MENOSCUARTO EDICIONES;1;16,50;16,50
9788415740766;HABITACIONES PRIVADAS 2ª ED;PERI ROSSI,CRISTINA;MENOSCUARTO EDICIONES;1;14,90;14,90
9788412791594;ERA DE LAS REVOLUCIONES, LA;PERL-ROSENTHAL, NATHAN;EDITORIAL PASADO Y PRESENTE;1;39,00;39,00
9788469827475;CUENTOS DE ANTAÑO;PERRAULT, CHARLES;ANAYA INFANTIL Y JUVENIL;3;47,85;15,95
9788410346536;TATA;PERRIN, VALERIE;DUOMO EDICIONES;5;100,00;20,00
9788418945328;AMIGOS, AMANTES AQUELLO;PERRY, MATTHEW;CONTRALUZ EDITORIAL;1;23,95;23,95
9788475221052;POEMAS DE ALBERTO CAEIRO;PESSOA, FERNANDO;VISOR;1;14,00;14,00
9788413628875;LIBRO DEL DESASOSIEGO;PESSOA, FERNANDO;ALIANZA EDITORIAL;2;29,80;14,90
9788415689485;LIBRO DEL DESASOSIEGO;PESSOA, FERNANDO;ACANTILADO;1;32,00;32,00
9781844673247;RULING THE VOID;PETER MAIR;TUSQUETS EDITORES;1;5,00;5,00
9788416291212;MI MARAVILLOSA LIBRERÍA;PETRA HARTLIEB;TUSQUETS EDITORES;1;8,00;8,00
9788417517854;MANO DE LA BUENA FORTUNA,LA - NE 2020;PETROVIC,GORAN;EDITORIAL SEXTO PISO;4;79,60;19,90
9788419089861;ESPAÑOL QUE ENAMORO AL MUNDO, EL;PEYRO, IGNACIO;LIBROS DEL ASTEROIDE;2;41,90;20,95
9788410096240;INMEMORIAL: DOS CORAZONES. UN MISMO LATIDO / INMEMORIAL: TWO HEARTS, ONE HEARTBE AT;PHAVY. PRIETO;ROCAEDITORIAL;1;20,90;20,90
9788419521996;ABUELA QUE ENCONTRO UNA PISTOLA Y DISPARO, LA;PHILIPPON, BENOIT;DUOMO EDICIONES;1;18,00;18,00
9788420438085;DONDE NADIE ME ESPERE / WHERE NO ONE AWAITS ME;PIEDAD BONNETT;ALFAGUARA;2;56,70;28,35
9788419250605;PREGUNTAN ADOLESCENTES;"PIEDRA, MARTA;CASTRO-GRAÑÉN,";LAROUSSE;1;16,95;16,95
9788437646657;EL ÚLTIMO LECTOR;PIGLIA, RICARDO;EDICIONES CÁTEDRA;2;37,00;18,50
9788416358267;FORMA INICIAL,LA;PIGLIA,RICARDO;EDITORIAL SEXTO PISO;2;38,00;19,00
9788494460395;REFUGIADOS;PILAR CEBRIÁN;TUSQUETS EDITORES;1;5,00;5,00
9788420477305;NOCHE NEGRA;PILAR QUINTANA;ALFAGUARA;2;39,80;19,90
9788413189864;POLICAN. 6 LA CAMADA DE LOS SALVAJES;PILKEY, DAV;EDICIONES SM;3;43,50;14,50
9788413185507;POLICAN. 5 EL SE¥OR DE LAS PULGAS;PILKEY, DAV;EDICIONES SM;1;14,50;14,50
9788411481540;FELICES COMO BESTIAS;PINILLOS, DIEGO;ALIANZA EDITORIAL;1;19,95;19,95
9788413432281;TORTUGA VS. LIEBRE: LA REVANCHA;PINTOR, DAVID;KALANDRAKA;1;14,00;14,00
9788420477893;ESCRIBIR UN SILENCIO;PIÑEIRO, CLAUDIA;ALFAGUARA;1;21,90;21,90
9788420473666;EL TIEMPO DE LAS MOSCAS;PIÑEIRO, CLAUDIA;ALFAGUARA;1;21,90;21,90
9788420431970;ELENA SABE;PIÑEIRO, CLAUDIA;ALFAGUARA;1;18,90;18,90
9788420437910;QUIÉN NO;PIÑEIRO, CLAUDIA;ALFAGUARA;1;18,90;18,90
9788490741887;TEATRO SELECTO;PIÑERA, VIRGILIO;EDITORIAL VERBUM;1;21,99;21,99
9780521127448;DEMOCRATIC DEFICIT;PIPPA NORRIS;LAURA TEDESCO;1;5,00;5,00
9788416721030;NUBE CON FORMA DE NUBE;PISOS, CECILIA;FAKTORÍA K DE LIBROS;1;16,00;16,00
9788475229294;ANTOLOGÍA;PLATH, SYLVIA;VISOR;1;15,00;15,00
9788411486668;HAZ;"PLAZA, JOSÉ CARLOS;";ALIANZA EDITORIAL;2;41,90;20,95
9788418404597;TRUMAN CAPOTE;PLIMPTON, GEORGE;LIBROS DEL KULTRUM;1;24,00;24,00
9788430593026;FEDERICO GARCÍA LORCA PARA NIÑOS;POESÍA PARA NIÑOS;SUSAETA;1;15,95;15,95
9788410358096;THOREAU. YOGUI DEL BOSQUE;POGGI, COLETTE;EDICIONES KOAN;2;45,80;22,90
9788416160686;EL LIBRO DE LAS MARAVILLAS DEL MUNDO;POLO, MARCO;ABADA EDITORES;1;45,00;45,00
9788415979203;QUERIDO DIEGO TE ABRAZA QUIELA 6ªED;PONIATOWSKA,ELENA;IMPEDIMENTA;1;15,95;15,95
9788410124141;¡SAL A JUGAR!;PONS-MESMAN, CLARA;LAROUSSE;2;39,00;19,50
9788484721871;ASIENTO EN LAS RUINAS;PONTE, ANTONIO JOSE.-;EDITORIAL RENACIMIENTO;3;24,00;8,00
9788496629172;BLANCANIEVES;POOLE, JOSEPHINE;EDITORIAL KÓKINOS;2;26,00;13,00
9788413143583;AFRICANUS I;POSTEGUILLO, SANTIAGO;B DE BOLSILLO;1;12,95;12,95
9788413143590;LAS LEGIONES MALDITAS II;POSTEGUILLO, SANTIAGO;B DE BOLSILLO;1;12,95;12,95
9788413143606;LA TRAICIÓN DE ROMA;POSTEGUILLO, SANTIAGO;B DE BOLSILLO;1;12,95;12,95
9788433929709;ME LIMITABA A AMARTE;POSTORINO, ROSELLA;EDITORIAL ANAGRAMA;2;45,80;22,90
9780241702734;1000 PALABRAS ANIMALES;POTTLE, JULES;DK;1;15,90;15,90
9788416677351;CANTOS 3ªED;POUND,EZRA;EDITORIAL SEXTO PISO;2;75,80;37,90
9788419261038;TODAS LAS BICICLETAS QUE TUVE;POWERPAOLA;EDITORIAL SEXTO PISO;1;14,90;14,90
9788491814443;EL CLAMOR DE LOS BOSQUES;POWERS, RICHARD;ALIANZA EDITORIAL;1;20,50;20,50
9788412807332;VIAJE A GRECIA;PRAZ, MARIO;EDITORIAL ELBA;1;20,00;20,00
9788493065751;LA CARNE, LA MUERTE Y EL DIABLO EN LA LITERATURA R;PRAZ, MARIO;ACANTILADO;1;48,00;48,00
9788419834232;CAMARERA,LA - BOL 2ªED;PROSE,NITA;DUOMO EDICIONES;1;8,95;8,95
9788412947342;DE VENEZUELA AL KURDISTAN CRONICAS DE UN DESTINO;PRUNHUBER LEON, CAROL;LOS LIBROS DE LA CATARATA;5;117,50;23,50
9788410346987;LOS LUPIN. LA LLAVE DE LAS TRES JOYAS;PUARD, BERTRAND;DUOMO EDICIONES;1;15,90;15,90
9788412283235;LOS DESPERFECTOS;PUJADAS, IRENE;HURTADO Y ORTEGA EDITORES;2;36,00;18,00
9788437641935;SER FEMINISTAS;PULEO (ED.), ALICIA H.;EDICIONES CÁTEDRA;1;16,95;16,95
9788437627298;ECOFEMINISMO PARA OTRO M;PULEO, ALICIA H.;EDICIONES CÁTEDRA;1;22,95;22,95
9788419738264;TODAS LAS MAÑANAS DEL MUNDO;QUIGNARD, PASCAL;GALAXIA GUTENBERG;1;13,00;13,00
9788491816324;EL ESTIGMA SOCIAL;QUILES DEL CASTILLO, MARÍA;ALIANZA EDITORIAL;1;18,95;18,95
9788412595741;VIENTO DEL NORTE;QUIROGA, ELENA;BAMBA EDITORIAL;2;35,80;17,90
9788417726652;PASADO AMOR;QUIROGA, HORACIO;ENEIDA;1;14,00;14,00
9788416575695;CUENTOS DE LA SELVA;QUIROGA,HORACIO;EL GALLO DE ORO;1;16,00;16,00
9788418945632;LAS AGUAS SAGRADAS;R. AYAMONTE, MAY;CONTRALUZ EDITORIAL;2;45,00;22,50
9788418945908;NIÑAS SALVAJES BOLSILLO;R. AYAMONTE, MAY;CONTRALUZ EDITORIAL;2;29,80;14,90
9788426416834;EL CONTADOR DE HISTORIAS;RABIH ALAMEDDINE;TUSQUETS EDITORES;1;10,00;10,00
9791387640644;EL LIBRERO DE GAZA;RACHID BENZINE;SALAMANDRA;1;18,00;18,00
9788466363662;EL IMPERIO DEL DOLOR;RADDEN KEEFE, PATRICK;DEBOLSILLO;1;14,96;14,96
9781734602715;EL OCTAVO DÍA;RAFAEL ALMANZA;HOMAGNO;6;90,00;15,00
9781450745444;HYMNOS;RAFAEL ALMANZA;HOMAGNO;3;75,00;25,00
9780972746700;LIBRO DE JÓVENO;RAFAEL ALMANZA ALONSO;HOMAGNO;7;105,00;15,00
9780972746717;EL GRAN CAMINO DE LA VIDA;RAFAEL ALMANZA ALONSO;HOMAGNO;4;60,00;15,00
9789876142137;EL DOLOR PARAGUAYO;RAFAEL BARRETT;TUSQUETS EDITORES;1;5,00;5,00
9788412379839;REGRESO A LA ISLA EN NEGRO;RAFAEL GRILLO ED.;HURÓN AZUL;1;17,00;17,00
9788467078329;LA PROTEGIDA;RAFAEL TARRADAS BULTÓ;TUSQUETS EDITORES;1;22,90;22,90
9788419089632;NADA ES VERDAD 5ªED;RAIMO,VERONICA;LIBROS DEL ASTEROIDE;1;18,95;18,95
9780143113478;GIRLS OF RIYADH;RAJAA ALSANEA;TUSQUETS EDITORES;1;4,00;4,00
9788412690026;GENÉTICA DE LOS MONOS;RAMÍREZ HERRERA, MARÍA JOSÉ;ALMADIA ALJOSAN S.R.L.U.;2;41,80;20,90
9788420460536;TONGOLELE NO SABÍA BAILAR;RAMÍREZ, SERGIO;ALFAGUARA;1;19,90;19,90
9798352565919;TERNEROS QUE NUNCA MUERAN DE RODILLAS;RAMÓN FERNÁNDEZ-LARREA;EDICIONES FURTIVAS;2;36,00;18,00
9788410178113;GUERRA DE INFANCIA Y DE ESPAÑA;RAMONDINO, FABRIZIA;LIBROS DEL ASTEROIDE;1;26,95;26,95
9788412757088;VIDAS SECAS;RAMOS, GRACILIANO;EDITORIAL LAS AFUERAS;1;17,95;17,95
9788412642681;PARTE FACIL, LA;RAMOS, ISMAEL;EDITORIAL LAS AFUERAS;1;16,95;16,95
9788412809572;EL SUICIDIO OCCIDENTAL;RAMPINI, FEDERICO;LADERA NORTE;1;22,90;22,90
9788419746788;JULIA Y LOS MORTIMORT 2;RAQUEL DIAZ REGUERA;MONTENA;1;15,95;15,95
9788484336174;PATAGONIA CHU CHU;RAUL ARGEMI;LAURA TEDESCO;1;5,00;5,00
9788075212115;DESPUÉS DE LA NOCHE;RAÚL FLORES;FRA;1;12,90;12,90
9788420478074;CAÍDOS DEL CIELO (60 ANIVERSARIO DE ALFAGUARA) / FALLEN FROM THE SKY;RAY LORIGA;ALFAGUARA;1;17,90;17,90
9788410299474;TIM;RAY LORIGA;ALFAGUARA;2;37,80;18,90
9788419260109;MONTAÑA EN EL MAR, LA;RAY NAYLER;NOVA;1;23,90;23,90
9788466372350;SEÑORAS DE ARMAS TOMAR;RAYBOURN, DEANNA;DEBOLSILLO;1;12,95;12,95
9788466374323;MALDITO ROMEO;RAYVEN, LEISA;DEBOLSILLO;1;12,95;12,95
9788419583413;SUSTANCIA DE HÍGADO;RECINOS, MICHELLE;ALTAMAREA EDICIONES;1;17,90;17,90
9788491816652;ACTIVISMO EN EL ARTE;REILLY, MAURA;ALIANZA EDITORIAL;1;22,95;22,95
9798842794683;DÁRSENAS;REINA MARÍA RODRÍGUEZ;EDICIONES FURTIVAS;2;36,00;18,00
9788411073066;EL MUNDO ALUCINANTE;REINALDO ARENAS;TUSQUETS EDITORES;1;19,50;19,50
9788411071949;ANTES QUE ANOCHEZCA;REINALDO ARENAS;TUSQUETS EDITORES;2;39,00;19,50
9788490747308;LA GRIETA;REINALDO ESCOBAR;EDITORIAL VERBUM;7;139,65;19,95
9788410107427;11-M PUDO EVITARSE;REINARES, FERNANDO;GALAXIA GUTENBERG;1;18,50;18,50
9788412894394;MUERTE Y EL METEORO, LA;REINERS TERRON, JOCA;EDITORIAL LAS AFUERAS;1;17,95;17,95
9788418782787;ENTUSIASMO, EL;REMON, PABLO;EDICIONES LA UÑA ROTA;2;32,00;16,00
9791221099836;DE ABRAZOS Y OTRAS INQUIETUDES;RENÉ DE CÁRDENAS;RENÉ DE CÁRDENAS;5;80,00;16,00
9788430971152;POLÍTICAS DEL ODIO;"REY, FERNANDO DEL;ÁLVAREZ";TECNOS;1;29,95;29,95
9788437645506;SOROLLA O LA PINTURA COM;REYERO, CARLOS;EDICIONES CÁTEDRA;2;35,90;17,95
9788420682198;DESVESTIDAS;REYERO, CARLOS;ALIANZA EDITORIAL;2;63,90;31,95
9788466378222;CONDESA MALDITA, LA (LIMITED);REYES MONFORTE;DEBOLSILLO;2;15,90;7,95
9788466388504;LA DIVA;REYES MONFORTE;DEBOLSILLO;2;19,90;9,95
9791399017106;LA EDAD INFINITA;REYES, MIRIAM;EDITORIAL TRÁNSITO;1;18,95;18,95
9788416213221;MEMORIA POR CORRESPONDENCIA 4ªED;REYES,EMMA;LIBROS DEL ASTEROIDE;1;17,95;17,95
9788479536442;EL SECRETO;RHONDA BYRNE;LAURA TEDESCO;1;5,00;5,00
9788412965032;URRACA,URRAQUITA, URRAQUITITA 7ªED;RIBA ARANGO, JAIME;EDITORIAL DOS BIGOTES;1;19,95;19,95
9788410050372;REINA DE TU VIDA;RIBALLO, MARÍA;MONTENA;1;17,95;17,95
9788418481642;ENCUENTRO EN BERLÍN, MUERTE EN UCRANIA;RIBAS, PEPE;ALTAMAREA EDICIONES;2;39,80;19,90
9788413620558;PÁJARO DEL NOROESTE (ADN;RIEGO ANTA, MARTA DEL;ALIANZA EDITORIAL;1;19,95;19,95
9788410138681;CORDILLERA;RIEGO ANTA, MARTA DEL;ADN EDITORIAL GRUPO ANAYA;1;20,95;20,95
9788410249165;MIS FANTASMAS;RILEY, GWENDOLINE;EDITORIAL SEXTO PISO;4;79,60;19,90
9788466343251;HERMANA TORMENTA, LA;RILEY, LUCINDA;DEBOLSILLO;1;10,95;10,95
9788433927545;CLARA Y CONFUSA;RIMSKY, CYNTHIA;EDITORIAL ANAGRAMA;1;18,90;18,90
9788418594052;APRENDE A LEER EN LA ESCUELA DE MONSTRUOS 16: GRANDES PINRELES;RIPPIN, SALLY;MONTENA;2;15,90;7,95
9788417067342;LAS PIONERAS;RITA LEVI-MONTALCINI;TUSQUETS EDITORES;1;5,00;5,00
9788411480765;LA NIÑA LECTORA;RIVAS, MANUEL;ALIANZA EDITORIAL;2;31,90;15,95
9788498959710;;RIVAS, MANUEL;VISOR;1;14,00;14,00
9788420478777;;RIVAS, MANUEL;ALFAGUARA;1;17,90;17,90
9788416205714;;RIVERA GARZA,CRISTINA;CONSONNI;1;19,90;19,90
9788466363747;;RIVERA, ANA LENA;DEBOLSILLO;1;11,95;11,95
9788418694813;;RIVERA, VICTOR;VALPARAÍSO EDICIONES;1;12,00;12,00
9791399128512;;;;13;99,80;7,68
9788418504242;;RIVERO,GIOVANNA;CANDAYA,S.L;1;16,00;16,00
9788495408839;;RIVERO,GIOVANNA;BARTLEBY EDITORES,S.L;1;14,00;14,00
9788433929471;;RIZZI, ANDREA;EDITORIAL ANAGRAMA;5;69,50;13,90
9780099263814;;ROBERT HARRIS;LAURA TEDESCO;1;5,00;5,00
9781843541783;;ROBERT KAGAN;TUSQUETS EDITORES;1;3,00;3,00
9788491057215;;ROBERT STEVENSON;PENGUIN CLÁSICOS;1;14,96;14,96
9788433966735;;ROBERTO BOLAÑO;LAURA TEDESCO;1;5,00;5,00
9791387846503;;ROBERTO CHUIT ROGANOVICH;ALFAGUARA;2;43,80;21,90
9798281350105;;ROBERTO JULIO CARCASSÉS;EDICIONES FURTIVAS;3;54,00;18,00
9788401018572;;ROBIN COOK;PLAZA&JANES;1;22,90;22,90
9788425362545;;ROBIN SHARMA;GRIJALBO;1;22,90;22,90
9788430990320;;"ROBLES EGEA, ANTONIO;";TECNOS;2;67,90;33,95
9789874198204;;ROBLES,RAQUEL;FACTOTUM;1;14,00;14,00
9788419670229;;"ROCA ; TERRASA";ASTIBERRI EDICIONES;1;25,00;25,00
9788419419064;;ROCA BAREA, ELVIRA;SIRUELA;2;59,90;29,95
9788410332188;;ROCA, PACO;ASTIBERRI EDICIONES;1;12,00;12,00
9788496815391;;ROCA,PACO;ASTIBERRI EDICIONES;1;15,00;15,00
9788417575199;;ROCA,PACO;ASTIBERRI EDICIONES;1;25,00;25,00
9788412693676;;ROCHA, SERVANDO (ED);LA FELGUERA EDITORES;1;26,00;26,00
9788420439372;;RODRIGO BLANCO CALDERÓN;ALFAGUARA;2;37,80;18,90
9788418818363;;"RODRIGUEZ ANTON;MARIA LUISA";EDITORIAL RENACIMIENTO;1;23,90;23,90
9788415177135;;RODRIGUEZ SANTANA,EFRAIN;EDICIONES ESPUELA DE PLATA;4;68,00;17,00
9788419552563;;RODRIGUEZ ZAPATERO,JOSE LUIS;NAVONA EDITORIAL;1;22,00;22,00
9788412878714;;"ROGERO, JESUS;TURIENZO,";CAPITÁN SWING LIBROS;1;18,50;18,50
9786124070815;;ROLANDO ARELLANO;TUSQUETS EDITORES;1;4,00;4,00
9788466374743;;ROONEY, SALLY;DEBOLSILLO;1;12,95;12,95
9788419250629;;ROQUEFORT, CLÉMENCE;LAROUSSE;1;26,95;26,95
9788420476063;;ROSA MONTERO;ALFAGUARA;1;19,90;19,90
9788490629208;;ROSA MONTERO;DEBOLSILLO;1;12,95;12,95
9788490629178;;ROSA MONTERO;DEBOLSILLO;1;11,95;11,95
9788420433363;;ROSA MONTERO;ALFAGUARA;1;22,90;22,90
9788420477671;;ROSA MONTERO;ALFAGUARA;1;21,90;21,90
9788432244254;;ROSA MONTERO;TUSQUETS EDITORES;1;20,90;20,90
9788475225777;;ROSALES, LUIS;VISOR;1;15,00;15,00
9788498957440;;ROSALES, LUIS;VISOR;1;14,00;14,00
9788441415072;;ROSALÍA DE CASTRO;LAURA TEDESCO;1;5,00;5,00
9798281808422;VIENE REGANDO FLORES;ROSIE INGUANZO;EDITORIAL CASA VACÍA;7;84,00;12,00
9788495359742;LA CRIPTA DE LOS CAPUCHINOS;ROTH, JOSEPH;ACANTILADO;1;14,00;14,00
9788419958228;LA LEYENDA DEL SANTO BEBEDOR;ROTH, JOSEPH;ACANTILADO;1;12,00;12,00
9788495587299;CRÓNICAS BERLINESAS;ROTH, JOSEPH;LAURA TEDESCO;1;5,00;5,00
9788483463291;ZUCKERMAN ENCADENADO;ROTH, PHILIP;DEBOLSILLO;1;14,96;14,96
9788483463307;LA CONTRAVIDA;ROTH, PHILIP;DEBOLSILLO;1;14,96;14,96
9788466376723;ENLAZADOS;ROWELL, RAINBOW;DEBOLSILLO;1;12,95;12,95
9781780724096;LIFE WITHOUT DIABETES;ROY TAYLOR;SHORT BOOKS;1;5,00;5,00
9788430599516;RUBÉN DARÍO PARA NIÑOS;RUBÉN DARÍO;SUSAETA;1;15,95;15,95
9788413617022;AUN ESTOY AQUI;RUBENS PAIVA, MARCELO;SHACKLETON BOOKS;1;22,90;22,90
9788419583383;EL INFORME PENKSE;RUBIO HANCOCK, JAIME;ALTAMAREA EDICIONES;1;20,90;20,90
9788417726485;FLORES ARTIFICIALES;RUFFATO, LUIZ;ENEIDA;1;15,00;15,00
9788419179029;DIAS DETENIDOS;RUIZ PLAZA,GUILLERMO;NAVONA EDITORIAL;1;22,00;22,00
9788415934639;CUANTOS DE LOS TUYOS HAN MUERTO 2ªED;RUIZ SOSA,EDUARDO;CANDAYA,S.L;1;16,00;16,00
9788441549425;CARLOS ALCARAZ;"RUIZ, LÉO;SO FOOT";ANAYA MULTIMEDIA;2;37,90;18,95
9788437604183;PEDRO PÁRAMO;RULFO, JUAN;EDICIONES CÁTEDRA;2;21,00;10,50
9788437634999;EL LLANO EN LLAMAS;RULFO, JUAN;EDICIONES CÁTEDRA;2;10,95;5,47
9788439743729;TODO PUEBLO ES CICATRIZ;RUVALCABA, HIRAM;RANDOM HOUSE;1;19,90;19,90
9788410025844;EL TAO DE WU;RZA;BLACKIE BOOKS;2;44,00;22,00
9788419135407;A LA CAZA DE LOS REYES MAGOS;S. VARELA, EMMA;PIJAMA BOOKS;2;39,90;19,95
9788466243810;¡ME DIVIERTO CADA DÍA! LIBRO PARA COLOREAR;S.A;LIBSA;1;4,00;4,00
9788413613789;HISTORIA DE ESPAÑA;SABATE, VICTOR;SHACKLETON BOOKS;1;14,90;14,90
9788420439440;HIJOS DEL CARBÓN;SABUGAL, NOEMÍ;ALFAGUARA;1;18,90;18,90
9788433973382;HOMBRE QUE CONFUNDIÓ A SU MUJER CON UN SOMBRERO -;SACKS, OLIVER;EDITORIAL ANAGRAMA;1;13,90;13,90
9788417925963;CICATRICES;SAER, JUAN JOSE;RAYO VERDE EDITORIAL;1;22,00;22,00
9788416689514;LA PESQUISA (4A ED.);SAER, JUAN JOSE;RAYO VERDE EDITORIAL;1;19,00;19,00
9788419206138;ENTENADO, EL (NE);SAER, JUAN JOSE;RAYO VERDE EDITORIAL;1;19,00;19,00
9788498950052;EL ARTE DE NARRAR;SAER, JUAN JOSÉ;VISOR;1;14,00;14,00
9788415539728;NADIE NADA NUNCA 2ªED;SAER,JUAN JOSE;RAYO VERDE EDITORIAL;1;16,00;16,00
9788415539940;GLOSA 2ªED;SAER,JUAN JOSE;RAYO VERDE EDITORIAL;1;19,00;19,00
9788416689750;LIMONERO REAL,EL;SAER,JUAN JOSE;RAYO VERDE EDITORIAL;1;18,00;18,00
9788416689958;OCASION,LA;SAER,JUAN JOSE;RAYO VERDE EDITORIAL;1;16,00;16,00
9788475221649;ANÁBASIS;SAINT-JOHN PERSE;VISOR;2;12,00;6,00
9788419965950;QUE NO SE TE NOTE;SAIZ, ROCÍO;ROCA EDITORIAL;1;20,90;20,90
9788412809527;CINCO APORTACIONES DE ESPAÑA AL HUMANISMO;SALAFRANCA, ALEJANDRO;LADERA NORTE;2;39,80;19,90
9788410070516;ULTIMOS GUANCHES, LOS;SALAMANCA, ANA;EDICIONES PÀMIES;1;21,95;21,95
9788412652826;MALDENIÑA;SALAZAR MASSO, LORENA;EDITORIAL TRÁNSITO;2;33,80;16,90
9788416677979;NERVIO PRINCIPAL,EL;SALDA¥A PARIS,DANIEL;EDITORIAL SEXTO PISO;2;37,80;18,90
9788419089045;VISTA CHINESA;SALEM LEVY, TATIANA;LIBROS DEL ASTEROIDE;1;18,95;18,95
9788467829075;EL CORSARIO NEGRO;SALGARI, EMILIO;ANAYA INFANTIL Y JUVENIL;2;27,00;13,50
9788491044505;NUEVE CUENTOS;SALINGER, J. D.;ALIANZA EDITORIAL;3;41,85;13,95
9788419746078;ESCUELA DE MONSTRUOS;SALLY RIPPIN;MONTENA;1;7,95;7,95
9788466353618;CONVERSACIONES ENTRE AMIGOS / CONVERSATIONS WITH FRIENDS;SALLY ROONEY;DEBOLSILLO;1;12,95;12,95
9788439734468;CONVERSACIONES ENTRE AMIGOS;"SALLY ROONEY;SALLY ROONEY";RANDOM HOUSE;1;20,90;20,90
9780224093989;JOSEPH ANTON;SALMAN RUSHDIE;LAURA TEDESCO;1;8,00;8,00
9788414340592;PEPITO CARAPIZZA;SALMERÓN, RAFAEL;ANAYA INFANTIL Y JUVENIL;2;15,90;7,95
9791259575074;CINE REPARADOR, EL;SALMERON, VICTOR;MAGAZZINI SALANI;1;18,00;18,00
9788483564677;SIN SALIDA;SALUD HERNANDEZ-MORA;GALIUS;4;40,00;10,00
9788437621890;EL DEPORTE EN OCCIDENTE;SALVADOR, JOSÉ LUIS;EDICIONES CÁTEDRA;2;67,90;33,95
9788432228247;FIRMIN;SAM SAVAGE;TUSQUETS EDITORES;1;5,00;5,00
9788467829099;FÁBULAS;SAMANIEGO, FÉLIX M.;ANAYA INFANTIL Y JUVENIL;2;27,00;13,50
9788439734895;KENTUKIS;SAMANTA SCHWEBLIN;RANDOM HOUSE;1;17,90;17,90
9788432244582;EL BUEN MAL;SAMANTA SCHWEBLIN;TUSQUETS EDITORES;4;79,60;19,90
9788432244551;DISTANCIA DE RESCATE;SAMANTA SCHWEBLIN;TUSQUETS EDITORES;1;18,50;18,50
9788432244766;PAJAROS EN LA BOCA;SAMANTA SCHWEBLIN;TUSQUETS EDITORES;4;78,00;19,50
9788466376525;LA DUEÑA;SAN SEBASTIÁN, ISABEL;DEBOLSILLO;1;12,95;12,95
9788420684123;ESQUINAS INTELIGENTES;SÁNCHEZ DE MADARIAGA, INÉS;ALIANZA EDITORIAL;2;43,00;21,50
9788415934189;FAMILIAS DE CEREAL 2ªED;SANCHEZ BELLOCCHIO,TOMAS;CANDAYA,S.L;1;16,00;16,00
9788401035272;TODAS LAS VENTANAS;SÁNCHEZ, BÁRBARA;PLAZA&JANES;1;21,90;21,90
9788491812081;LA VIDA REAL EN TIEMPOS;"SÁNCHEZ, JOSÉ CARLOS;PÉREZ";ALIANZA EDITORIAL;1;22,95;22,95
9788433922601;FUEGO LA SED;SÁNCHEZ, MARÍA;EDITORIAL ANAGRAMA;2;27,80;13,90
9788412708516;UN MANICOMIO EN EL FIN DEL MUNDO 2ªED;SANCTON, JULIAN;CAPITÁN SWING LIBROS;1;25,00;25,00
9788430955305;ESTUDIOS DE COMUNICACION;"SANDERS, KAREN;CANEL CRESPO,";TECNOS;2;59,00;29,50
9788419581273;VIDA EN MINIATURA,LA 2ºED;SANDEZ,MARIANA;IMPEDIMENTA;1;20,95;20,95
9788433929747;CALLE LONDRES, 38;SANDS,PHILIPPE;EDITORIAL ANAGRAMA;1;23,90;23,90
9788413147154;ROMA SOY YO;SANTIAGO POSTEGUILLO;B DE BOLSILLO;1;14,96;14,96
9788490706008;ROMA SOY YO (CAMPAÑA NAVIDAD GRANDES ÉXITOS EDICIÓ;SANTIAGO POSTEGUILLO;B DE BOLSILLO;1;14,96;14,96
9788466682701;TRES MUNDOS, LOS (SERIE JULIO CÉSAR 3);SANTIAGO POSTEGUILLO;B;2;51,80;25,90
9788466677318;EL HIJO OLVIDADO;SANTIAGO, MIKEL;B;1;22,90;22,90
9788466669689;EN PLENA NOCHE;SANTIAGO, MIKEL;B;1;22,90;22,90
9788410138261;UN PASO A DOS;SANTISO, JAVIER;ADN EDITORIAL GRUPO ANAYA;1;20,95;20,95
9788491053705;EN UNA NOCHE OSCURA;SANTO JUAN DE LA CRUZ;PENGUIN CLÁSICOS;1;14,96;14,96
9788418945786;MELANCOLÍA DE LAS COSAS;SANTOS, CARMEN;CONTRALUZ EDITORIAL;1;22,50;22,50
9788419490148;IDENTITTI;SANYAL, MITHU;CONSONNI;1;23,50;23,50
9788433927217;ÍNTIMOS, LOS;SANZ, MARTA;EDITORIAL ANAGRAMA;2;47,80;23,90
9788417517311;TSUNAMI;SANZ,MARTA;EDITORIAL SEXTO PISO;2;33,80;16,90
9788412779837;DECIDIDO 2ªED;SAPOLSKY, ROBERT;CAPITÁN SWING LIBROS;1;28,00;28,00
9788437648026;LAS EXHUMACIONES POR DIO;SAQQA CARAZO, MIRIAM;EDICIONES CÁTEDRA;2;55,80;27,90
9788426418784;ESCORPIONES, LOS;SARA BARQUINERO;LUMEN;1;23,90;23,90
9788490439227;CATWOMAN: SOULSTEALER (DC ICONS 4);SARAH J. MAAS;MONTENA;1;18,95;18,95
9788410381797;VETERINARIA, LA . VIENTOS DE ESPERANZA (LA VETERI;SARAH LARK;B DE BOLSILLO;1;14,96;14,96
9788410381902;VETERINARIA, LA . TIEMPO DE CORAJE (LA VETERINARIA;SARAH LARK;B DE BOLSILLO;1;14,96;14,96
9788419172372;LA REINA EN LA CUEVA;SARDÀ, JÚLIA;BLACKIE BOOKS;1;17,90;17,90
9788412511154;VICTORIOSA;SARID, YISHAI;SIGILO EDITORIAL;2;43,90;21,95
9788412699081;EL POETA DE GAZA;SARID, YISHAI;SIGILO EDITORIAL;2;41,90;20,95
9791387688783;LAS FRONTERAS;SARMIENTO, CAROLINA;SIRUELA;2;31,90;15,95
9788413431963;UNA VUELTA AL MUNDO;SARRIONANDIA, JOSEBA;KALANDRAKA;1;18,00;18,00
9788433922878;DEMOCRACIA EXPANSIVA, LA;SARTORIUS, NICOLÁS;EDITORIAL ANAGRAMA;2;47,80;23,90
9788494237379;BALUARTE 15ªED;SASTRE,ELVIRA;VALPARAÍSO EDICIONES;1;12,00;12,00
9788417096441;CUARENTA Y TRES MANERAS DE SOLTARSE EL PELO 6ªED;SASTRE,ELVIRA;VALPARAÍSO EDICIONES;1;13,95;13,95
9788420609508;EL DISEÑO GRÁFICO 2ª ED-;SATUÉ, ENRIC;ALIANZA EDITORIAL;1;50,95;50,95
9788401020285;SUERO DE UNA NOCHE DE VERANO;SATURNINA GALLARDO;PLAZA&JANES;1;16,90;16,90
9788433921352;VALIENTES ESTÁN SOLOS, LOS;SAVIANO, ROBERTO;EDITORIAL ANAGRAMA;1;24,90;24,90
9788410080461;HABITACION DE INVITADOS, LA;SAY MITCHELL, DREDA;NEWTON COMPTON EDITORES;1;6,90;6,90
9788411483056;INFÍNIX [CÓMIC];SCHAFER, LAURENT;ALIANZA EDITORIAL;1;21,95;21,95
9791387624200;LAS VOCES DEL DRAGÓN;SCHIMMELPFENNIG, ROLAND;PUNTO DE VISTA EDITORES;29;56,00;1,93
9788418322686;LA GRIETA EN EL MUNDO. DIECISIETE ESBOZOS DESDE LA;SCHIMMELPFENNIG, ROLAND;PUNTO DE VISTA EDITORES;1;19,00;19,00
9788416291960;UNA CLARA Y GELIDA MAÑANA DE ENERO A PRINCIPIOS DE;SCHIMMELPFENNIG,ROLAND;PERIFÉRICA;4;68,00;17,00
9788410148765;MAS ALLA DE LA DIPLOMACIA;SCHINDLER, JORGE E.;EDITORIAL RENACIMIENTO;1;19,90;19,90
9788411489829;RELATO SOÑADO;SCHNITZLER, ARTHUR;ALIANZA EDITORIAL;1;11,95;11,95
9788419958211;DIARIO DE BERLÍN;SCHÖNBERG, ARNOLD;ACANTILADO;2;32,00;16,00
9788418481291;EL ANTIMONIO;SCIASCIA, LEONARDO;ALTAMAREA EDICIONES;2;33,80;16,90
9788419702265;DIME QUE ME QUIERES;SCORE, LUCY;CHIC;1;18,95;18,95
9788466777629;IVANHOE;SCOTT, WALTER;ANAYA ELE;2;27,90;13,95
9788469808801;IVANHOE;SCOTT, WALTER;ANAYA INFANTIL Y JUVENIL;4;63,80;15,95
9788433960931;ANILLOS DE SATURNO, LOS - CM;SEBALD, W. G.;EDITORIAL ANAGRAMA;2;29,80;14,90
9788433967817;AUSTERLITZ - CM;SEBALD, W. G.;EDITORIAL ANAGRAMA;2;29,80;14,90
9789584520913;POPULISMO O MERCADOS;SEBASTIÁN EDWARDS;GRUPO EDITORIAL NORMA;1;7,00;7,00
9788425427565;LUZ DEL MUNDO;SEEWALD, PETER;LAURA TEDESCO;1;6,00;6,00
9788491811664;REVOLUCIÓN IMAG. PARIS;SEIDMAN, MICHAEL;ALIANZA EDITORIAL;2;45,90;22,95
9788410171213;VOZ SOMBRA, LA;SEKIGUCHI, RYOKO;PERIFÉRICA;1;12,00;12,00
9788439732266;EL DESAPEGO ES UNA MANERA DE QUERERNOS;SELVA ALMADA;RANDOM HOUSE;1;17,90;17,90
9788439739180;LADRILLEROS / BRICKMAKERS;SELVA ALMADA;RANDOM HOUSE;1;17,90;17,90
9788439745679;UNA CASA SOLA;SELVA ALMADA;RANDOM HOUSE;1;18,90;18,90
9788491810933;HOY TODO SERÁ DISTINTO;SEMPLE, MARIA;ALIANZA EDITORIAL;1;17,95;17,95
9788418481413;LAS FUTBOLISTAS QUE DESAFIARON A MUSSOLINI;SENEGHINI, FEDERICA;ALTAMAREA EDICIONES;1;18,90;18,90
9788412906349;DIARIO DE UNA MAMA;SEO, EUNYOUNG;TUTIFRUTI EDITORIAL;1;21,90;21,90
9788087656556;DOS EQUIS;SERGIO CEVEDO;EDICIONES INCUBADORA;2;25,80;12,90
9788417284282;SI YO FUESE TU, ME ENAMORARIA DE MI;SERGIO CHICO;LAURA TEDESCO;1;6,00;6,00
9788420439846;LA HIJA;SERGIO DEL MOLINO;ALFAGUARA;1;23,90;23,90
9788466345743;MIL Y UNA MUERTES;SERGIO RAMÍREZ;DEBOLSILLO;1;10,95;10,95
9788466345637;CASTIGO DIVINO;SERGIO RAMÍREZ;DEBOLSILLO;1;11,95;11,95
9788418965357;VOLODYMYR OLEKSANDROVICH ZELENSKI;SERHI RUDENKO;PINOLIA;1;8,00;8,00
9788418153990;NOCHE INCLINADA, LA;SERNA, RAMON DE LA;EDICIONES ESPUELA DE PLATA;1;14,90;14,90
9789873874451;SECRETO ENTRE LOS RUSOS,EL;SERRA BRADFORD,MATIAS;INTERZONA;1;14,00;14,00
9788433922052;SENTIDO DE CONSENTIR, EL;SERRA, CLARA;EDITORIAL ANAGRAMA;2;29,80;14,90
9788413431376;LA NOTA;SERRANO BURGOS, PILAR;KALANDRAKA;1;16,00;16,00
9788420478890;EL ALBERGUE DE LAS MUJERES TRISTES;SERRANO, MARCELA;ALFAGUARA;1;17,90;17,90
9788491042655;DOMANDO AL DRAGÓN;"SEVILLÁ GASCÓ, JUAN;PASTOR";ALIANZA EDITORIAL;1;19,95;19,95
9788466751735;ROMEO Y JULIETA;SHAKESPEARE, WILLIAM;ANAYA ELE;2;27,90;13,95
9788411481427;SEÑALES EN LA NOCHE (ADN;SHAPIRO, DANI;ALIANZA EDITORIAL;1;19,95;19,95
9788496629257;EL REGALO PERFECTO;"SHIELDS;BLYTHE; SHIELDS,";EDITORIAL KÓKINOS;1;12,50;12,50
9788419581594;MI RUSIA;SHISHKIN, MIJAIL;IMPEDIMENTA;1;22,50;22,50
9788419158864;ALMAS ANCESTRALES;SHRODER, TOM;ERRATA NATURAE EDITORES;1;23,50;23,50
9788419680358;CRIBAS 2ªED;SHUSTERMAN, NEAL;NOCTURNA EDICIONES;1;21,00;21,00
9788416858248;SIEGA 10ªED;SHUSTERMAN,NEAL;NOCTURNA EDICIONES;1;19,95;19,95
9788414342282;ESCAPE BOOK 2;SIERRA I FABRA, JORDI;ANAYA INFANTIL Y JUVENIL;1;13,50;13,50
9788419135513;JAN Y LA CIUDAD PERDIDA;SIERRA I FABRA, JORDI;PIJAMA BOOKS;1;15,95;15,95
9788419456915;EL EVANGELIO SEGÚN YONG SHENG;SIJIE, DAI;SALAMANDRA;1;24,00;24,00
9788410050501;EMPEZAR DE CERO;SILVA, IRENE;MONTENA;1;16,95;16,95
9788448856342;UNA AVENTURA EN EL CAMPING;SÍLVIA ABRIL;BEASCOA;1;14,96;14,96
9788411073417;NADA QUE DECIR (PREMIO TUSQUETS DE NOVELA 2023);SILVIA HIDALGO;TUSQUETS EDITORES;2;37,00;18,50
9788426426277;PROMESA, LA;SILVINA OCAMPO;LUMEN;1;18,90;18,90
9788426426284;AUTOBIOGRAFÍA DE IRENE;SILVINA OCAMPO;LUMEN;1;18,90;18,90
9788410148833;REMBRANDT;SIMMEL, GEORG;EDITORIAL RENACIMIENTO;1;21,90;21,90
9781788167390;CHUMS;SIMON KUPER;LAURA TEDESCO;1;6,00;6,00
9788469668085;POP-UP ¿DÓNDE ESTÁ? AMIG;SIRETT, DAWN;EDITORIAL BRUÑO;1;17,50;17,50
9788415934035;HABLAR CON DESCONOCIDOS;SKLIAR,CARLOS;CANDAYA,S.L;1;14,00;14,00
9788419261465;HEREDARAS LA TIERRA 3ªED;SMILEY, JANE;EDITORIAL SEXTO PISO;2;49,80;24,90
9788410200609;BIBLIOTECA PUBLICA;SMITH, ALI;NÓRDICA LIBROS;2;39,00;19,50
9788418067969;OTOÑO 9ªED;SMITH,ALI;NÓRDICA LIBROS;1;21,50;21,50
9788418451256;INVIERNO 3ªED;SMITH,ALI;NÓRDICA LIBROS;1;21,50;21,50
9788418451676;PRIMAVERA 2ªED;SMITH,ALI;NÓRDICA LIBROS;1;21,50;21,50
9788418451805;VERANO 2ªED;SMITH,ALI;NÓRDICA LIBROS;1;21,50;21,50
9788417925017;TARDOR - CAT 8ªED;SMITH,ALI;RAYO VERDE EDITORIAL;1;19,00;19,00
9788417925482;PRIMAVERA - CAT 2ªED;SMITH,ALI;RAYO VERDE EDITORIAL;1;20,00;20,00
9788410359161;LIBRERIA DE LAS ILUSIONES, LA;SO, SEO-RIM;NEWTON COMPTON EDITORES;1;12,90;12,90
9788413432120;UN DÍA DE LLUVIA Y FLORES;SOLÉ VENDRELL, CARME;KALANDRAKA;1;14,00;14,00
9798876315588;RAKU;SOLEIDA RÍOS;EDICIONES FURTIVAS;2;36,00;18,00
9788410178595;COMERAS FLORES;SOLLA SOBRAL, LUCIA;LIBROS DEL ASTEROIDE;1;19,95;19,95
9788448856519;LA SEÑORA BADOBEDAH / MADAME BADOBEDAH;"SOPHIE DAHL;LAUREN O'HARA";BEASCOA;1;15,95;15,95
9788467073317;LA HIJA CUBANA;SORAYA LANE;TUSQUETS EDITORES;1;8,00;8,00
9788419583239;CUARTELES DE INVIERNO;SORIANO, OSVALDO;ALTAMAREA EDICIONES;1;18,90;18,90
9788419583468;TRISTE, SOLITARIO Y FINAL;SORIANO, OSVALDO;ALTAMAREA EDICIONES;2;37,80;18,90
9788419583222;ARQUEROS, ILUSIONISTAS Y GOLEADORES;SORIANO, OSVALDO;ALTAMAREA EDICIONES;1;19,90;19,90
9788418782008;VIAJE INUTIL,EL 5ªED;SOSA VILLADA,CAMILA;EDICIONES LA UÑA ROTA;1;12,00;12,00
9788415979128;KOKORO 12ªED;SOSEKI,NATSUME;IMPEDIMENTA;1;22,95;22,95
9788425367755;EL GATO QUE CUIDABA LAS BIBLIOTECAS / THE CAT WHO SAVED BOOKS;SOSUKE. NATSUKAWA;GRIJALBO;1;20,90;20,90
9788496629530;CANCIONES Y NANAS DE BABUSHKA;SOUSSANA,N;EDITORIAL KÓKINOS;2;50,00;25,00
9788417553906;TIENES QUE MIRAR 4ªED;STAROBINETS,ANNA;IMPEDIMENTA;1;21,50;21,50
9788466373388;BUSCANDO A ASHLEY;STEEL, DANIELLE;DEBOLSILLO;1;12,95;12,95
9788413432700;LA HORA DE LA SIESTA;STEHR, FRÉDÉRIC;KALANDRAKA;1;12,00;12,00
9788478448975;LA IDEA DE EUROPA;STEINER, GEORGE;SIRUELA;1;10,90;10,90
9788478445417;NOSTALGIA DEL ABSOLUTO;STEINER, GEORGE;SIRUELA;2;25,90;12,95
9780593054536;A YEAR IN THE MERDE;STEPHEN CLARKE;BANTAM PRESS;1;5,00;5,00
9788466345255;MISERY;STEPHEN KING;DEBOLSILLO;1;14,96;14,96
9788497938198;MONTADO EN LA BALA;STEPHEN KING;TUSQUETS EDITORES;1;4,00;4,00
9788401036835;NO TENGAS MIEDO;STEPHEN KING;PLAZA&JANES;1;24,90;24,90
9788425368639;ACABA CON LA INFLAMACIÓN EN 7 DÍAS: UN PLAN INTEGRAL ANTIGRASA PARA SANAR T U IN TESTINO Y PERDER PESO, PARA SIEMPRE / THE FULL-BODY FAT FIX;STEPHEN PERRINE;GRIJALBO;1;21,90;21,90
9788420473062;AMANECER;STEPHENIE MEYER;ALFAGUARA;1;6,00;6,00
9789200040900;HAPPY SEXY MILLIONAIRE;STEVEN BARTLETT;LAURA TEDESCO;1;6,00;6,00
9789200040870;MY LIVERPOOL STORY;STEVEN GERRARD;LAURA TEDESCO;1;6,00;6,00
9788466794992;LA ISLA DEL TESORO;STEVENSON, ROBERT LOUIS;ANAYA ELE;2;27,90;13,95
9788412394092;ISLA DEL TESORO, LA;STEVENSON, ROBERT LOUIS;GRIBAUDO;1;14,90;14,90
9788415709886;PESADILLAS 1 NOCHE DEL MUÑECO VIVIENTE,LA 6ªED;STINE,R.L;EDITORIAL HIDRA;1;9,95;9,95
9788415709893;PESADILLAS 2 ESPANTAPAJAROS CAMINA A MEDIANOCHE,EL;STINE,R.L;EDITORIAL HIDRA;1;9,95;9,95
9788417761943;OLIVE KITTERIDGE - NE 3ªED;STROUT,ELIZABETH;DUOMO EDICIONES;1;15,90;15,90
9791387575496;MENSAJERA,LA;STUART,ANNA;NEWTON COMPTON EDITORES;2;25,80;12,90
9788432227707;FUERA;SUSANNA TAMARO;TUSQUETS EDITORES;1;4,00;4,00
9788430989621;DEMOCRACIAS Y AUTOCRACIAS FRENTE A LA GUERRA EN UCRANIA;SUSANNE GRATIUS;TUSQUETS EDITORES;1;8,00;8,00
9789802449743;VENEZUELA EN LA ENCRUCIJADA;SUSANNE GRATIUS / JOSÉ;IESA;1;7,00;7,00
9788466341486;ÚLTIMOS TESTIGOS;SVETLANA ALEXIÉVICH;TUSQUETS EDITORES;1;5,00;5,00
9788469836071;LOS VIAJES DE GULLIVER;SWIFT, JONATHAN;ANAYA INFANTIL Y JUVENIL;2;27,90;13,95
9788412543902;MOMENTO DE LA VERDAD, EL;TABAROVSKY, DAMIAN;MARDULCE EDITORA;1;11,00;11,00
9788494286988;AMO BUENO,EL;TABAROVSKY,DAMIAN;MARDULCE EDITORA;1;12,00;12,00
9788484726388;PAJAROS PERDIDOS 2ªED;TAGORE,RABINDRANATH;EDITORIAL RENACIMIENTO;1;10,00;10,00
9788433927125;MEJOR DEL MUNDO, EL;TALLÓN, JUAN;EDITORIAL ANAGRAMA;1;19,90;19,90
9788419910431;GRAN FIESTA DEL INVIERNO, LA (CUENTOS WALDORF CON;TAMARA CHUBAROVSKY;B DE BLOK;1;16,95;16,95
9788432239526;TODAS NUESTRAS MALDICIONES SE CUMPLIERON;TAMARA TENENBAUM;TUSQUETS EDITORES;1;7,00;7,00
9788478442584;EL ELOGIO DE LA SOMBRA;TANIZAKI, JUNICHIRÔ;SIRUELA;1;12,95;12,95
9788437639000;MUJERES INDÍGENAS EN DEF;TAPIA GONZÁLEZ, AIMÉ;EDICIONES CÁTEDRA;1;20,50;20,50
9788412600360;ISLA PARTIDA;TARAZONA, DANIELA;ALMADIA ALJOSAN S.R.L.U.;2;38,00;19,00
9788412957174;EL CORAZÓN HABITANTE;TARAZONA, DANIELA;ALMADIA ALJOSAN S.R.L.U.;1;17,90;17,90
9788448867751;LOS CONECTAMIGOS Y EL FESTIVAL DE NEURÓPOLIS;"TATIANA LUIS;DAFNE SANTANA";BEASCOA;1;16,95;16,95
9788410178236;MEMORIAS. DE MOSCU AL MAR NEGRO;TEFFI;LIBROS DEL ASTEROIDE;1;20,95;20,95
9788411484626;LA HISTORIA EN RUINAS;TENORIO TRILLO, MAURICIO;ALIANZA EDITORIAL;1;20,95;20,95
9788412894318;UN LUGAR SEGURO (NE);TEROBA, OLIVIA;EDITORIAL LAS AFUERAS;3;47,85;15,95
9788414338094;EL TREN FANTASMA DE BAD;THILO;ANAYA INFANTIL Y JUVENIL;1;8,95;8,95
9788490669402;EL ARCO IRIS DE GRAVEDAD;THOMAS PYNCHON;TUSQUETS EDITORES;1;19,95;19,95
9788417553920;JARDIN DE VIDRIO,EL 5ªED;TIBULEAC,TATIANA;IMPEDIMENTA;1;24,95;24,95
9788413624037;ANNA KARÉNINA;TOLSTÓI, LEV;ALIANZA EDITORIAL;3;62,85;20,95
9788411781275;MUERTE DE IVÁN ILICH, LA;TOLSTÓI, LEV. N;ALBA EDITORIAL;2;36,00;18,00
9788490627518;PARAÍSO / PARADISE;TONI MORRISON;DEBOLSILLO;1;14,96;14,96
9788497932622;LA CANCIÓN DE SALOMÓN;TONI MORRISON;DEBOLSILLO;1;12,95;12,95
9788426423009;ORIGEN DE LOS OTROS, EL;TONI MORRISON;LUMEN;1;17,90;17,90
9788433920423;CONJURA DE LOS NECIOS, LA - CM;TOOLE, JOHN KENNEDY;EDITORIAL ANAGRAMA;1;14,90;14,90
9788413620787;LOS SERES HUECOS (ADN);"TORO, GUILLERMO DEL;HOGAN,";ALIANZA EDITORIAL;1;19,95;19,95
9788439744153;BLACKOUTS;TORRES, JUSTIN;RANDOM HOUSE;1;21,90;21,90
9788433929426;CONJUROS Y CANTOS;TORRES, SARA;EDITORIAL ANAGRAMA;4;51,60;12,90
9788494800795;PHANTASMAGORIA;TORRES, SARA;LA BELLA VARSOVIA;2;25,80;12,90
9788418504501;PESO DE VIVIR EN LA TIERRA, EL 2ªED;TOSCANA, DAVID;CANDAYA,S.L;1;20,00;20,00
9788432244421;TRILOGIA DE COPENHAGUE;TOVE DITLEVSEN;TUSQUETS EDITORES;2;23,90;11,95
9788494909504;LA AZOTEA;TRIAS PATRON, FERNANDA;EDITORIAL TRÁNSITO;7;118,30;16,90
9788483933817;MIEMBRO FANTASMA;TRIAS, FERNANDA;PÁGINAS DE ESPUMA SL;1;17,00;17,00
9788494108990;CIUDAD INVENCIBLE,LA;TRIAS,FERNANDA;DEMIPAGE;1;16,00;16,00
9788413433196;LABERINTO: DIARIO DE VIAJE DE UN ARTISTA MONOCROMO;TRIGO, RAMÓN;KALANDRAKA;1;16,00;16,00
9788419822888;1973;TRISTANTE, JERÓNIMO;CONTRALUZ EDITORIAL;1;21,95;21,95
9788416205943;TEFRA;TROYA, VIVIANA;CONSONNI;1;16,50;16,50
9788410183292;EL RÍO BAJA SUCIO;TRUEBA, DAVID;SIRUELA;1;14,90;14,90
9788416126637;UN JUEGO;TULLET, HERVE;EDITORIAL KÓKINOS;1;17,90;17,90
9788417074067;TURLUTUTU CUENTOS MAGICOS;TULLET, HERVE;EDITORIAL KÓKINOS;1;13,00;13,00
9788417074074;TURLUTUTU ¡UNA AVENTURA INCREIBLE!;TULLET, HERVE;EDITORIAL KÓKINOS;1;13,00;13,00
9788417742409;¡BAILA!;TULLET, HERVE;EDITORIAL KÓKINOS;1;17,00;17,00
9788417742836;LA DANZA DE LAS MANOS;TULLET, HERVE;EDITORIAL KÓKINOS;1;15,90;15,90
9788419475664;LA MANO MAGICA;TULLET, HERVE;EDITORIAL KÓKINOS;1;15,90;15,90
9788417742485;COLORES;TULLET, HERVÉ;EDITORIAL KÓKINOS;2;26,00;13,00
9788417742058;¡FORMAS!;TULLET, HERVÉ;EDITORIAL KÓKINOS;1;17,00;17,00
9788466745284;LAS AVENTUR DE TOM SAWYE;TWAIN, MARK;ANAYA ELE;2;27,00;13,50
9788466763059;TOM SAWYER;TWAIN, MARK;ANAYA ELE;2;27,90;13,95
9788410346345;TODA LA VERDAD;TYSON, MIKE;DUOMO EDICIONES;1;8,95;8,95
9788494709203;ARTE DE LA GUERRA,EL;TZU,SUN;DOJO EDICIONES;1;8,50;8,50
9788419942319;LA PENÍNSULA DE LAS CASAS VACÍAS;UCLÉS, DAVID;SIRUELA;2;52,00;26,00
9791387688233;LA PENÍNSULA DE LAS CASAS VACÍAS [CARTONÉ];UCLÉS, DAVID;SIRUELA;2;64,00;32,00
9788416287154;ANIMALES NE;UHART,HEBE;ADRIANA HIDALGO EDITORA;1;16,00;16,00
9788412520569;YO MATÉ A UN PERRO EN RUMANÍA;ULLOA DONOSO, CLAUDIA;ALMADIA ALJOSAN S.R.L.U.;1;19,90;19,90
9789200041426;EL NOMBRE DE LA ROSA;UMBERTO ECO;LAURA TEDESCO;1;6,00;6,00
9788437606569;LA TÍA TULA;UNAMUNO, MIGUEL DE;EDICIONES CÁTEDRA;2;21,90;10,95
9788420691930;PAZ EN LA GUERRA;UNAMUNO, MIGUEL DE;ALIANZA EDITORIAL;2;29,80;14,90
9788437637648;NOVELAS COMPLETAS;UNAMUNO, MIGUEL DE;EDICIONES CÁTEDRA;1;66,90;66,90
9788491040712;ANTOLOGÍA POÉTICA;UNAMUNO, MIGUEL DE;ALIANZA EDITORIAL;1;11,95;11,95
9788413431383;CIRCO;UREÑA PLAZA, ROSA;KALANDRAKA;1;16,00;16,00
9788498955965;EN MIS SUEÑOS SIEMPRE TIENES VEINTE AÑOS;URIBE, KIRMEN;VISOR;1;16,00;16,00
9788412591194;LUZ Y LA MONTAÑA, LA;URQUIA, SOLEDAD;EDITORIAL LAS AFUERAS;1;17,95;17,95
9788409689866;ESCRIBIR ANTES;URRACA, SABINA;COMISURA;2;40,00;20,00
9788417617592;NIÑAS PRODIGIO,LAS;URRACA,SABINA;FULGENCIO PIMENTEL;1;24,00;24,00
9788410138322;BUENAS NOCHES, IRENE;URREA, LUIS ALBERTO;ADN EDITORIAL GRUPO ANAYA;1;22,95;22,95
9788491812647;LA CASA DE LOS ÁNGELES R;URREA, LUIS ALBERTO;ALIANZA EDITORIAL;2;37,90;18,95
9788419490278;ULTIMA CASA, LA;URRETABIZKAIA, ARANTXA;CONSONNI;2;37,00;18,50
9788437649085;DE UNA EDAD TAL VEZ NUNCA VIVIDA;URRUTIA, JORGE;EDICIONES CÁTEDRA;1;16,95;16,95
9788419583567;UN SIGLO CUESTA ARRIBA;USALL, RAMÓN;ALTAMAREA EDICIONES;1;20,90;20,90
9788418481321;FUTBOLÍTICA;USALL, RAMÓN;ALTAMAREA EDICIONES;1;19,90;19,90
9788437621708;POLITICA DE MUJERES;VALCÁRCEL, AMELIA;EDICIONES CÁTEDRA;2;41,90;20,95
9788437625188;FEMINISMO EN MUNDO GLOBA;VALCÁRCEL, AMELIA;EDICIONES CÁTEDRA;2;49,90;24,95
9788437640372;AHORA, FEMINISMO;VALCÁRCEL, AMELIA;EDICIONES CÁTEDRA;1;17,95;17,95
9791387922405;CINCO HERIDAS, LAS;VALDEZ QUADE, KIRSTIN;NÓRDICA LIBROS;1;26,95;26,95
9788410148673;ESCENAS DEL EXILIO ESPAÑOL EN MEXICO (1937-1962);VALENDER, JAMES;EDITORIAL RENACIMIENTO;1;29,90;29,90
9788417932947;DESEOS PAGANOS;VALENTI, LENA;VANIR EDITORIAL;1;21,90;21,90
9789877900439;FISCAL MUERE;VALENZUELA, LUISA;INTERZONA;1;15,00;15,00
9789878303611;MIRADA HORIZONTAL,LA;VALENZUELA, LUISA;MAREA;1;16,00;16,00
9789877900217;MAÑANA,EL;VALENZUELA,LUISA;INTERZONA;1;18,00;18,00
9789502808192;EL TALLER DE LAS ILUSIONES;VALÉRIE TONG CUONG;LAURA TEDESCO;1;5,00;5,00
9788410171305;EXTRAÑOS, LOS (NE);VALERO, VICENTE;PERIFÉRICA;1;21,00;21,00
9788430987054;CULTURA ORG. EN ESPAÑA;VALLEJO PEÑA, ALBERTO;TECNOS;1;18,50;18,50
9788437616698;LOS HERALDOS NEGROS;VALLEJO, CÉSAR;EDICIONES CÁTEDRA;2;23,90;11,95
9788420648385;OBRA POÉTICA COMPLETA;VALLEJO, CÉSAR;ALIANZA EDITORIAL;2;41,90;20,95
9788419744760;LA LEYENDA DE LAS MAREAS MANSAS;VALLEJO, IRENE;SIRUELA;1;19,95;19,95
9788410183346;EL INVENTOR DE VIAJES;VALLEJO, IRENE;SIRUELA;2;43,90;21,95
9788417860790;EL INFINITO EN UN JUNCO;VALLEJO, IRENE;SIRUELA;1;24,95;24,95
9788419951458;EL INFINITO EN UN JUNCO;VALLEJO, IRENE;DEBATE;1;22,90;22,90
9788401033049;ÚNICAS;VALLINA, ALICIA;PLAZA&JANES;1;20,90;20,90
9788437626161;MUJERES, SALUD Y PODER;VALLS-LLOBET, CARME;EDICIONES CÁTEDRA;1;26,95;26,95
9788437637938;MEDIO AMBIENTE Y SALUD.;VALLS-LLOBET, CARME;EDICIONES CÁTEDRA;1;26,95;26,95
9788417720476;40 MARRONES CON HIJOS AD;VALVERDE JIMENA, FCO. JAVIER;LAROUSSE;1;5,95;5,95
9788498528022;LECTURAS A PONIENTE;VALVERDE,ALVARO;EDITORA REGIONAL DE;1;16,00;16,00
9788419670939;MAGDA. COCINERA INTEGALACTICA 1. EL GRAN TORNEO;"VAN GHELUWE, MATHILDE;";ASTIBERRI EDICIONES;1;20,00;20,00
9788410183506;ELOGIO DE LAS VIRTUDES MINÚSCULAS;VAN ZUYLEN, MARINA;SIRUELA;1;19,95;19,95
9788466375306;HERMANDAD DE LAS MALAS HIJAS, LA;VANESSA MONTFORT;DEBOLSILLO;1;12,95;12,95
9788467076356;LA TOFFANA (P.PRIMAVERA 2025);VANESSA MONTFORT;TUSQUETS EDITORES;2;22,90;11,45
9788490626092;EL SUEÑO DEL CELTA;VARGAS LLOSA, MARIO;DEBOLSILLO;1;11,95;11,95
9788420439891;CONVERSACIÓN EN LA CATEDRAL;VARGAS LLOSA, MARIO;ALFAGUARA;1;24,90;24,90
9788420460208;LA TÍA JULIA Y EL ESCRIBIDOR;VARGAS LLOSA, MARIO;ALFAGUARA;1;22,90;22,90
9788420460406;EL PAÍS DE LAS MIL CARAS. ESCRITOS SOBRE EL PERÚ;VARGAS LLOSA, MARIO;ALFAGUARA;1;26,90;26,90
9788498410204;BAJO LOS VIENTOS DE NEPTUNO;VARGAS, FRED;SIRUELA;1;19,90;19,90
9788437625973;LEGADO FILOSOFICO ESPAÑO;VARIOS;EDICIONES CÁTEDRA;2;93,90;46,95
9788485707713;CUENTOS EUROPEOS DE NAVIDAD (NUEVO);VARIOS;CLAN;2;52,00;26,00
9789200040887;PELOTA DE PAPEL;VARIOS;LAURA TEDESCO;1;5,00;5,00
9788418187063;CUADERNO DE INVIERNO. VOL. 1.;VARIOS AUTORES;BLACKIE BOOKS;2;25,80;12,90
9788410025349;CUADERNO GOLDEN VOL. 4;VARIOS AUTORES;BLACKIE BOOKS;1;12,90;12,90
9788469666296;PEQ LIBRO-PUZLE.PALABRAS;VARIOS AUTORES;EDITORIAL BRUÑO;1;15,50;15,50
9788469604540;MANDALAS MARAVILLOSOS;VARIOS AUTORES;EDITORIAL BRUÑO;1;5,95;5,95
9788412690040;RETROFUTURISMOS;VARIOS AUTORES;ALMADIA ALJOSAN S.R.L.U.;1;19,00;19,00
9788412852714;FUTUROS DISTÓPICOS;VARIOS AUTORES;ALMADIA ALJOSAN S.R.L.U.;2;38,00;19,00
9788412809503;INDOMABLES;VARIOS AUTORES;LADERA NORTE;1;19,90;19,90
9788412115215;NUESTRAS PALABRAS;VARIOS AUTORES;LADERA NORTE;2;29,80;14,90
9788417586652;COLOREA EL MISTERIO;VARIOS AUTORES;HACHETTE;1;14,90;14,90
9788418733383;EL LIBRO DEL GÉNESIS;VARIOS AUTORES,;BLACKIE BOOKS;1;29,90;29,90
9788416227242;PENSAMIENTO MONOGAMO TERROR POLIAMOROSO 12ªED;VASALLO,BRIGITTE;LA OVEJA ROJA;1;17,00;17,00
9788411483919;YOGA ORGÁNICO;VÁZQUEZ DÍEZ, JOSÉ MANUEL;ALIANZA EDITORIAL;2;37,90;18,95
9788420699158;VALORES TERAPÉUT. YOGA;VÁZQUEZ DÍEZ, JOSÉ MANUEL;ALIANZA EDITORIAL;4;71,80;17,95
9788491049944;MANUAL DE YOGA INTEGRAL;VÁZQUEZ DÍEZ, JOSÉ MANUEL;ALIANZA EDITORIAL;1;17,95;17,95
9788419347411;CORAZON ES UNA ACHURA QUE NO SE VENDE, EL;VAZQUEZ SCHRODER, KATYA;VALPARAÍSO EDICIONES;1;12,00;12,00
9789569043888;BORGES SUS DIAS Y SU TIEMPO;VAZQUEZ,MARIA ESTHER;TAJAMAR EDICIONES;1;23,00;23,00
9788411487627;EL CASO DE MARGARITA LAN;"VELASCO OLIAGA, JAVIER;";ALIANZA EDITORIAL;2;43,90;21,95
9788417417741;GALÁPAGOS;VÉLEZ, FÁTIMA;CABALLO DE TROYA;1;15,90;15,90
9788412440119;ENTRE LOS ROTOS;VENTURA MEDINA, ALAÍDE;EDITORIAL TRÁNSITO;2;37,80;18,90
9788410249202;NEGRO TAL VEZ;VERES, ATTILA;EDITORIAL SEXTO PISO;1;23,90;23,90
9788412645101;VIAJE A HOLANDA, PASEOS Y RECUERDOS;VERLAINE, PAUL;INTERFOLIO;1;10,00;10,00
9788414334805;LA VUELTA AL MUNDO;VERNE, JULES;ANAYA INFANTIL Y JUVENIL;2;35,00;17,50
9788466747486;20 MIL LEGUAS VIAJE SUBM;VERNE, JULES;ANAYA ELE;2;27,90;13,95
9788410200975;VEINTE MIL LEGUAS DE VIAJE SUBMARINO;VERNE, JULES;NÓRDICA LIBROS;1;25,00;25,00
9788494733154;EL FARO DEL FIN DEL MUNDO;VERNE, JULIO;ENEIDA;1;13,50;13,50
9788417726591;EL TESTAMENTO DE UN EXCÉNTRICO;VERNE, JULIO;ENEIDA;1;16,49;16,49
9788412809701;LA ROSA CONTRA EL LINO;VERÓNICA ARANDA;EDITORIAL POLIBEA;1;15,00;15,00
9788412850161;LOS POZOS DE LA NIEVE;VIAS MAHOU, BERTA;LADERA NORTE;2;39,80;19,90
9788420478784;TRANVÍA A LA MALVARROSA;VICENT, MANUEL;ALFAGUARA;2;35,80;17,90
9788420460567;RETRATO DE UNA MUJER MODERNA;VICENT, MANUEL;ALFAGUARA;1;19,90;19,90
9788494586200;EN EL BESO DEL AIRE--;VICENTE DÍEZ;EDICIONES DUERNA;1;10,00;10,00
9788494343292;RENGLONES DE AGUA;VICENTE DÍEZ;EDICIONES DUERNA;1;5,00;5,00
9788418153495;MEMORIA DEL PARAÍSO;VICENTE ECHERRI;EDICIONES ESPUELA DE PLATA;2;39,80;19,90
9788417146979;EL CABALLO DE ÉBANO;VICENTE ECHERRI;EDICIONES ESPUELA DE PLATA;2;35,80;17,90
9788423369034;LAS BUENAS INTENCIONES;VÍCTOR DEL ÁRBOL;EDICIONES DESTINO;1;21,90;21,90
9788496846432;CUENTOS COMPLETOS (VICTORIA);VICTORIA, CARLOS;ADVANA VIEJA;1;23,00;23,00
9781857990799;A SUITABLE BOY;VIKRAM SETH;PHOENIX HOUSE;1;4,00;4,00
9788414336854;CÓMO CELEBR LA NAVIDAD;VILA, LAURA;ANAYA INFANTIL Y JUVENIL;1;10,50;10,50
9788412236576;LA TIRANÍA DE LAS MOSCAS;VILAR MADRUGA, ELAINE;EDITORIAL BARRETT;2;39,80;19,90
9788475225654;VUELO CIEGO;VILARIÑO, IDEA;VISOR;1;12,00;12,00
9788426407634;UNA SOLA VIDA;VILAS, MANUEL;LUMEN;1;18,90;18,90
9788466350402;ORDESA;VILAS, MANUEL;DEBOLSILLO;1;13,95;13,95
9788412815993;HIJAS DE LAS PERRAS NEGRAS (VI PREMIO POESIA GABRI;"VILLA, LUISA;";EL GALLO DE ORO;1;17,00;17,00
9788412852745;DEAMBULAR OTRA VEZ;"VILLALOBOS, JUAN PABLO;";ALMADIA ALJOSAN S.R.L.U.;2;18,00;9,00
9788417454913;OJOS DE AGUA;VILLAR, DOMINGO;SIRUELA;1;19,95;19,95
9788430946631;LA ILUSIÓN REPUBLICANA;VILLAVERDE RICO, MARÍA JOSÉ;TECNOS;2;55,00;27,50
9788498955545;MISERABLE VEJEZ;VILLENA, LUIS ANTONIO DE;VISOR;2;24,00;12,00
9788412600346;NO FUE PENALTI;VILLORO, JUAN;ALMADIA ALJOSAN S.R.L.U.;2;24,00;12,00
9788433924292;NO SOY UN ROBOT;VILLORO, JUAN;EDITORIAL ANAGRAMA;2;43,80;21,90
9788433927521;TESTIGO, EL - CM;VILLORO, JUAN;EDITORIAL ANAGRAMA;1;15,90;15,90
9786077781189;CALAVERA DE CRISTAL,LA 2ªED;VILLORO,JUAN;EDITORIAL SEXTO PISO;1;18,00;18,00
9789871180752;FILOSOFIA DE VIDA;VILLORO,JUAN;INTERZONA;1;15,50;15,50
9788417178062;ATLANTICO;VILLOSLADA,TAMARA;BANG EDICIONES;1;11,00;11,00
9788417417543;LLEGO CON TRES HERIDAS;VIOLETA GIL;TUSQUETS EDITORES;1;6,00;6,00
9789200040429;LOS SORRENTINOS;VIRGINIA HIGA;LAURA TEDESCO;1;6,00;6,00
9788499086682;LOS AÑOS;VIRGINIA WOOLF;DEBOLSILLO;1;10,95;10,95
9788498959062;CERCA DE CIEN;VITALE, IDA;VISOR;1;14,00;14,00
9788415934394;DUERMEVELA;VITALE,CARLOS;CANDAYA,S.L;1;10,00;10,00
9788467060102;EL ALMA DE LAS FLORES;VIVIANA RIVERO;TUSQUETS EDITORES;1;19,90;19,90
9788419202055;MEMORIA DE LOS METEOROS, LA;VIZCAYA, EMMANUEL;MEDUSA BOOKS;1;19,00;19,00
9788419553508;VIDA Y VISIONES DE HILDEGARD VON BINGEN;"VON BINGEN, HILDEGARD;VON";SIRUELA;2;45,90;22,95
9788419693006;TIEMPO ES LA MADRE, EL - BILINGUE;VUONG, OCEAN;VASO ROTO EDICIONES;3;66,00;22,00
9786289556513;CUBANÍAS;VV.AA.;CIVIL RIGHTS DEFENDERS;15;279,00;18,60
9788412880021;LAS CAMINANTES;VVAA;LA NIÑA AZUL;2;28,40;14,20
9791399034202;ORIUNDA DE LA AUSENCIA;VVAA;EDITORIAL POLIBEA;1;18,00;18,00
9788493591465;PENTATEUCO DE ISAAC,EL 8ªED;WAGENSTEIN,ANGEL;LIBROS DEL ASTEROIDE;3;18,95;6,32
9788416560912;LUZ DEL MUNDO,LA;WALCOTT,DEREK;VALPARAÍSO EDICIONES;1;14,96;14,96
9781965745946;MISIÓN DEL PERIODISMO;WALDO FERNÁNDEZ CUENCA;EDICIONES MEMORIA;15;134,25;8,95
9788412064520;POR QUE DORMIMOS 7ªED;WALKER,MATTHEW;CAPITÁN SWING LIBROS;1;22,00;22,00
9788491816843;LED ZEPPELIN: CUANDO LOS;WALL, MICK;ALIANZA EDITORIAL;1;27,90;27,90
9788410183728;EL AYUDANTE;WALSER, ROBERT;SIRUELA;2;43,90;21,95
9788410415140;HISTORIAS DE AMOR;WALSER, ROBERT;SIRUELA;1;21,95;21,95
9788412408126;HOMBRE QUE PERDIO LA CABEZA,EL;WALSER,ROBERT;EDITORIAL LAS AFUERAS;2;29,92;14,96
9788417007621;OPERACION MASACRE 3ªED;WALSH,RODOLFO;LIBROS DEL ASTEROIDE;1;17,95;17,95
9788410249295;ESTE MUNDO CIEGO;WARD, JESMYN;EDITORIAL SEXTO PISO;2;39,80;19,90
9788419942937;EL FRÁGIL VUELO DE LOS PÁJAROS;WATSON, CHRISTIE;SIRUELA;1;21,95;21,95
9788498411263;EL OJO DE JADE;"WEI LIANG,D; WEI LIANG, DIANE";SIRUELA;2;37,80;18,90
9788410298828;PRETTIES;WESTERFELD, SCOTT;MONTENA;1;19,95;19,95
9788410298811;UGLIES;WESTERFELD, SCOTT;MONTENA;1;19,95;19,95
9788419036971;LAS REINAS DEL MAR;WIESENTHAL, MAURICIO;ACANTILADO;2;52,00;26,00
9788410178090;PROPIEDADES DE LA SED, LAS 2ªED;WIGGINS, MARIANNE;LIBROS DEL ASTEROIDE;1;29,95;29,95
9788498414493;DE PROFUNDIS;WILDE, ÓSCAR;SIRUELA;1;13,95;13,95
9788426430809;LAS SIETE;WILDING, ROSE;LUMEN;1;21,90;21,90
9781789543957;¡POPULISTA!;WILL GRANT;APOLLO;1;10,00;10,00
9788411003223;HOSPITALIDAD IRRACIONAL;WILL GUIDARA;EDICIONES PENÍNSULA;1;20,90;20,90
9781541742567;THE LAST PRESIDENT OF EUROPE;WILLIAM DROZDIAK;LAURA TEDESCO;1;6,00;6,00
9788467079265;CARA DE CRIMEN;WILLIAM GONZÁLEZ GUEVARA;EDITORIAL PLANETA;2;31,80;15,90
9781250266163;THINGS ARE NEVER SO BAD THAT THEY CAN'T GET WORSE;WILLIAM NEUMAN;TUSQUETS EDITORES;1;8,00;8,00
9788413431840;TODOS LO VIERON;WISE BROWN, MARGARET;KALANDRAKA;1;16,50;16,50
9791259573056;HARRY POTTER - EL LIBRO DE COCINA OFICIAL;WIZARDING WORLD,J.K. ROWLING;MAGAZZINI SALANI;1;19,90;19,90
9791370090517;¿QUÉ PASA CON BAUM?;WOODY ALLEN;ALIANZA EDITORIAL;3;61,50;20,50
9788437612881;LAS OLAS;WOOLF, VIRGINIA;EDICIONES CÁTEDRA;1;18,95;18,95
9788420671710;LA SEÑORA DALLOWAY;WOOLF, VIRGINIA;ALIANZA EDITORIAL;1;12,95;12,95
9788420609294;ORLANDO;WOOLF, VIRGINIA;ALIANZA EDITORIAL;2;29,80;14,90
9788466373579;FLUSH;WOOLF, VIRGINIA;DEBOLSILLO;1;14,96;14,96
9788419036445;TREN A SAMARCANDA;YÁJINA, GUZEL;ACANTILADO;1;32,00;32,00
9786079959982;CUQUITA, LA MUÑECA CUBANA;YALI ROMAGOZA;RIALTA EDICIONES;1;20,00;20,00
9788439743675;PARTIR EN DOS LA PENA;YANNIS RITSOS;RANDOM HOUSE;1;6,90;6,90
9788418945144;NO PIENSES ELEFANTE ROSA;YÁÑEZ, ANTÍA;CONTRALUZ EDITORIAL;1;22,50;22,50
9788469621981;LA GUÍA DE DINOSAURIOS;YARLETT, EMMA;EDITORIAL BRUÑO;4;70,00;17,50
9788469626887;¡HAY QUE ATRAPAR A ÑAC!;YARLETT, EMMA;EDITORIAL BRUÑO;3;52,50;17,50
9788469667231;BUENAS NOCHES, ÑAC-ÑAC;YARLETT, EMMA;EDITORIAL BRUÑO;4;70,00;17,50
9788469643006;ÑAC-ÑAC QUIERE MERENDAR;YARLETT, EMMA;EDITORIAL BRUÑO;4;70,00;17,50
9788419250650;PAN CASERO;YARZA, IBÁN;LAROUSSE;2;47,90;23,95
9780099499275;THE ATTACK;YASMINA KHADRA;TUSQUETS EDITORES;1;4,00;4,00
9780099466024;THE SWALLOWS OF KABUL;YASMINA KHADRA;LAURA TEDESCO;1;4,00;4,00
9788420478838;VÍA REVOLUCIONARIA;YATES, RICHARD;ALFAGUARA;1;17,90;17,90
9788475221489;LAS CARIDADES DE ALCIPO Y OTROS POEMAS;YOURCENAR, MARGUERITE;VISOR;1;12,00;12,00
9788491048831;EL LÁPIZ MÁGICO MALALA;YOUSAFZAI, MALALA;ALIANZA EDITORIAL;1;15,95;15,95
9788491814832;TODAS SOMOS DESPLAZADAS;YOUSAFZAI, MALALA;ALIANZA EDITORIAL;2;33,90;16,95
9788491041900;YO SOY MALALA;"YOUSAFZAI, MALALA;LAMB,";ALIANZA EDITORIAL;2;39,90;19,95
9788411360944;TEATRO;YUNIOR GARCÍA AGUILERA;EDITORIAL VERBUM;2;37,80;18,90
9791259577474;YURENA. TODA LA VERDAD DE UNA MUJER INMORTAL;YURENA;MAGAZZINI SALANI;4;75,60;18,90
9788412145724;MADRE SOLTERA;YUSZCZUK,MARINA;EDITORIAL LAS AFUERAS;2;23,90;11,95
9788466377201;DIENTES BLANCOS;ZADIE SMITH;DEBOLSILLO;1;12,95;12,95
9788418107900;GRAND UNION;ZADIE SMITH;SALAMANDRA;1;21,00;21,00
9788498389463;SOBRE LA BELLEZA;ZADIE SMITH;SALAMANDRA;1;22,00;22,00
9788419456731;IMPOSTURA, LA;ZADIE SMITH;SALAMANDRA;1;24,00;24,00
9788433924261;INFORME, EL;ZAFRA, REMEDIOS;EDITORIAL ANAGRAMA;1;21,90;21,90
9788416742295;NUEVE ESPEJOS DE LA REINA CIEGA / TUS PALABRAS SON;ZAMORA,FERNANDO;EDICIONES CÁLAMO;1;13,90;13,90
9789878303376;BRILLA LA LUZ PARA ELLAS;ZANELLATO,ROMINA;MAREA;1;26,00;26,00
9788412690057;TROIKA;ZAPATA MORALES, ISABEL;ALMADIA ALJOSAN S.R.L.U.;2;39,80;19,90
9788417417772;EL VAMPIRO DE LA COLONIA ROMA;ZAPATA, LUIS;CABALLO DE TROYA;1;15,90;15,90
9789874159175;PIEL DE CABALLO NE;ZELARAYAN,RICARDO;ADRIANA HIDALGO EDITORA;1;14,50;14,50
9788411481489;MAÑANA, Y MAÑANA, Y MAÑA;ZEVIN, GABRIELLE;ALIANZA EDITORIAL;2;45,90;22,95
9788411317269;EN LA HABANA NUNCA HACE FRÍO;ZOÉ VALDÉS;TUSQUETS EDITORES;1;8,00;8,00
9788419583499;UTOPÍAS URBANÍSTICAS;ZUAZUA GIL, PEDRO;ALTAMAREA EDICIONES;2;55,80;27,90
9788466679114;EL MAPA DE UN MUNDO NUEVO;ZUECO, LUIS;B;1;23,90;23,90
9788412519693;MI DIOS NO VE;ZURITA, RAUL;VASO ROTO EDICIONES;1;30,00;30,00
9788475225630;INRI;ZURITA, RAÚL;VISOR;1;14,00;14,00
9788498957549;PURGATORIO;ZURITA, RAÚL;VISOR;2;24,00;12,00
9788411487566;LA IMPACIENCIA DEL CORAZ;ZWEIG, STEFAN;ALIANZA EDITORIAL;1;29,95;29,95
9788495359490;EL MUNDO DE AYER;ZWEIG, STEFAN;ACANTILADO;1;30,00;30,00
9788496834903;MENDEL EL DE LOS LIBROS;ZWEIG, STEFAN;ACANTILADO;1;10,00;10,00
9788496834996;VIAJE AL PASADO;ZWEIG, STEFAN;ACANTILADO;1;12,00;12,00
9788496136434;EL LEGADO DE EUROPA;ZWEIG, STEFAN;ACANTILADO;2;44,00;22,00
9788417346652;ENCUENTROS CON LIBROS;ZWEIG, STEFAN;ACANTILADO;2;22,00;11,00
9788419558046;LEYENDAS;ZWEIG, STEFAN;ARPA EDITORES;1;19,90;19,90
9788419558510;TRES RELATOS DE MUJERES;ZWEIG, STEFAN;ARPA EDITORES;1;17,90;17,90
9788495359049;LA LUCHA CONTRA EL DEMONIO (HÖLDERLIN - KLEIST - N;ZWEIG, STEFAN;ACANTILADO;1;19,00;19,00
9788495359391;VEINTICUATRO HORAS EN LA VIDA DE UNA MUJER;ZWEIG, STEFAN;ACANTILADO;1;11,00;11,00
9788417726607;NOCHE FANTÁSTICA;ZWEIG, STEFAN;ENEIDA;1;12,50;12,50
9788410299160;HAY ALGO QUE NO ES COMO ME DICEN;;ALFAGUARA;1;18,90;18,90
9788466377584;LA HERMANDAD DE LA SÁBANA SANTA;;DEBOLSILLO;1;12,95;12,95
9788419951021;NEXUS;;DEBATE;2;47,80;23,90
9788448867409;POCOYÓ. RECOPILATORIO DE CUENTOS - CUENTOS PARA 2 AÑOS (5 CUENTOS);;BEASCOA;1;12,95;12,95
9788448863647;UN CUENTO PARA CADA LETRA: P, L, M, S, T, D, N, F, R/RR, H (LEO CON POCOYÓ 2);;BEASCOA;1;7,95;7,95
9788448863630;UN CUENTO PARA CADA VOCAL: A, E, I, O, U (LEO CON POCOYÓ 1);;BEASCOA;1;7,95;7,95
9788419965158;SIRENAS, AMAZONAS Y ADÚLTERAS;;ROCA EDITORIAL;1;21,90;21,90
9788426405852;MAFALDA. FEMENINO SINGULAR;;LUMEN;1;11,90;11,90
9788413432540;TENGO 14 AÑOS, Y NO ES UNA BUENA NOTICIA;;KALANDRAKA;1;18,00;18,00
9788413433059;PUBERTAD EN MARCHA;;KALANDRAKA;1;17,00;17,00
9780241721438;SEVILLA Y ANDALUCÍA;;DK;1;29,95;29,95
9788412729894;DONDE LAS MONTAÑAS TOCAN EL CIELO;;LIBRUCOS;1;24,50;24,50
9788410705036;MEDIACIÓN EN EL ÁMBITO INTERCULTURAL;;EDITORIAL DYKINSON;1;20,00;20,00
9788410704916;UN ESTUDIO SOBRE EL INFORME DEL DEFENSOR DEL PUEBLO. UNA RESPUESTA NECESARIA;;EDITORIAL DYKINSON;1;29,00;29,00
9788410703568;ECONOMÍA Y DESARROLLO TERRITORIAL SOSTENIBLE;;EDITORIAL DYKINSON;1;30,00;30,00
9788417666910;CONTRA EL CAMELO A IZQUIERDA Y DERECHA;;EDITORIAL YGRIEGA;1;14,00;14,00
9788417666934;BESTIARIO (DE ANIMALES Y DE HOMBRES);;EDITORIAL YGRIEGA;1;14,00;14,00
9788419951632;POLÍTICA DEL MALESTAR;;DEBATE;1;19,90;19,90
9788466243285;GRANDES ROBOS DE LA HISTORIA;;LIBSA;1;14,90;14,90
9788410702127;INVESTIGACIÓN Y DEFENSA EN CLAVE TECNOLÓGICA;;EDITORIAL DYKINSON;1;26,00;26,00
9788466376297;¿EL ARTE A LA DERIVA?;;DEBOLSILLO;1;14,96;14,96
9788412716597;ANA GALLARDO. TEMBLÓ ACÁ UN DELIRIO;;MUSEO CA2M;1;26,00;26,00
9788419940612;BUÑUEL Y LOS SUEÑOS DEL DESEO;;RESERVOIR BOOKS;1;20,90;20,90
9788410176003;LA ESTAMPACIÓN;;COMUNICACIÓN SOCIAL;1;45,00;45,00
9788445141328;JACOBO CASTELLANO;;COMUNIDAD DE MADRID;1;35,00;35,00
9788410704930;VIOLENCIA, CONFLICTO, MEDIOS DE COMUNICACIÓN Y TECNOLOGÍAS;;EDITORIAL DYKINSON;1;22,00;22,00
9788410705456;EL PROCESO, LA PRUEBA Y EL TIEMPO DEL CAMBIO;;EDITORIAL DYKINSON;1;30,00;30,00
9788410704336;ESPAÑA SIGUE INVERTEBRADA;;EDITORIAL DYKINSON;1;19,00;19,00
9788410704763;VIOLENCIA DE GÉNERO EN EL ÁMBITO DE LA JUSTICIA PENAL JUVENIL. UNA VISIÓN IBEROAMERICANA;;EDITORIAL DYKINSON;1;32,00;32,00
9788410298606;EL DIARIO DE NUESTRA BODA;;MONTENA;1;24,95;24,95
9788466240383;DESARROLLO PERSONAL: DINÁMICAS, JUEGOS Y ACTIVIDADES;;LIBSA;1;9,95;9,95
9788428217804;BOSQUESCUELA;;OMEGA;1;19,21;19,21
9788419951762;FELICIDAD EN ACCIÓN;;DEBATE;1;22,90;22,90
9788430626977;CARRERA Y FAMILIA;;TAURUS;1;24,90;24,90
9788410703681;¿CÓMO ESCRIBIR UN BUEN ENSAYO?;;EDITORIAL DYKINSON;1;14,00;14,00
9788410704046;EL BUEN TRATO A LA INFANCIA EN ESPAÑA;;EDITORIAL DYKINSON;1;9,00;9,00
9788418733529;CUADERNO DE INVIERNO. VOL. 2.;;BLACKIE BOOKS;1;12,90;12,90
9788419965622;UNA MALDICIÓN SAGRADA;;ROCA EDITORIAL;1;21,90;21,90
9788413147482;EL CEMENTERIO DEL MAR;;B DE BOLSILLO;1;12,95;12,95
9788410274181;EL ODIO MUEVE EL MUNDO;;ROCAEDITORIAL;1;21,90;21,90
9781846590115;HIKAYAT;;TUSQUETS EDITORES;1;5,00;5,00
9788499428185;LA BATALLA POR LA PAZ;;TUSQUETS EDITORES;1;12,00;12,00
9788439744634;ANTES QUE NADA;;RANDOM HOUSE;1;26,90;26,90
9788419868091;EL DON DE LOS ESPÍRITUS (ESCUELA PARA HADAS REBELDES 1);;SALAMANDRA INFANTIL Y;1;15,95;15,95
9789500763257;MENUCA;;TUSQUETS EDITORES;1;5,00;5,00
9788420462066;CELAMA (UN RECUENTO);;TUSQUETS EDITORES;1;10,00;10,00
9788467590487;BVB.149 EL FANTASMA DE LA CASA DE AL LAD;;EDICIONES SM;1;9,50;9,50
9788467591590;BVB. 38 EL DRAGON COLOR FRAMBUESA;;EDICIONES SM;1;9,50;9,50
9788467576948;BVBPU. 5 EL CUMPLEA¥OS DE PUPI;;EDICIONES SM;1;9,50;9,50
9788467585919;BVB.146 CINCO OVEJITAS Y AZUL;;EDICIONES SM;1;9,50;9,50
9788467576917;BVB. 6 KIWI;;EDICIONES SM;1;9,50;9,50
9788467577747;BVBPEP.7 YO NO HE SIDO!;;EDICIONES SM;1;9,50;9,50
9788467585230;BVBPEP.2 ¨POR QUE NO HABLA MI GATA?;;EDICIONES SM;1;9,50;9,50
9788467591897;BVBPEP.8 ¨DE VERDAD O DE MENTIRA?;;EDICIONES SM;1;9,50;9,50
9788467579772;BVBPEP.4 NO ES JUSTO!;;EDICIONES SM;1;9,50;9,50
9788467579925;BVBPEP.1 COMPRAME LA MOTO ROJA!;;EDICIONES SM;1;9,50;9,50
9788467585568;BVB.134 OJOS NEGROS;;EDICIONES SM;1;9,50;9,50
9788467579734;BVB. 67 NADIE QUIERE JUGAR CONMIGO;;EDICIONES SM;2;19,00;9,50
9788467593976;BVB.147 LA GOTA DE LLUVIA QUE TENIA MIED;;EDICIONES SM;1;9,50;9,50
9788467591804;BVB.151 BUENOS AMIGOS;;EDICIONES SM;1;9,50;9,50
9788467522846;CPSE.AVENTURAS DE UNA GOTA DE AGUA;;EDICIONES SM;1;9,50;9,50
9788467560435;L.A LULU LE GUSTA EL COLEGIO;;EDICIONES SM;1;14,50;14,50
9788467594454;POLICAN;;EDICIONES SM;2;29,00;14,50
9788467554670;ASI TE QUIERO,MAMA;;EDICIONES SM;2;11,90;5,95
9788467582574;BVB.143 ATAQUES DE...;;EDICIONES SM;1;9,50;9,50
9788467594232;100 PASOS PARA LA CIENCIA;;EDICIONES SM;2;35,90;17,95
9788467518986;CPSE.CORREPRISAS Y TUMBONA;;EDICIONES SM;1;9,50;9,50
9788467507355;CPSE.CRISOL Y SU ESTRELLA;;EDICIONES SM;1;9,50;9,50
9788467502602;CPSE.CHUSCO,UN PERRO CALLEJERO;;EDICIONES SM;1;9,50;9,50
9788467540963;CPSE.UN REGALO SORPRENDENTE;;EDICIONES SM;1;9,50;9,50
9788467523225;POEMAS PARA IR A DORMIR;;EDICIONES SM;1;5,95;5,95
9788467561494;CPSE.LA PRINCESA VALIENTE;;EDICIONES SM;2;19,00;9,50
9788467553680;CPSE.LA FLOR AVENTURERA;;EDICIONES SM;1;9,50;9,50
9788467519853;CPSE.HISTORIA DE UNA LATA;;EDICIONES SM;1;9,50;9,50
9788467526424;CPSE.EL CLUB DE LOS VALIENTES;;EDICIONES SM;2;19,00;9,50
9788467545722;CPSE.EL CIEMPIES BAILARIN;;EDICIONES SM;1;9,50;9,50
9788491072799;BVB.106 EL GIGANTE PEQUE¥O;;EDICIONES SM;1;9,50;9,50
9788491077732;BVB.108 EL DRAGON QUE QUERIA SER VIOLINI;;EDICIONES SM;1;9,50;9,50
9788491077404;BVBPEP.9 SI YA SOY MAYOR!;;EDICIONES SM;1;9,50;9,50
9788491077886;BVB.156 LA CAJA DE LA ESPERANZA;;EDICIONES SM;1;9,50;9,50
9788491077411;POLICAN. 2 SITUACION DESESPERADA;;EDICIONES SM;2;29,00;14,50
9788491073314;4 A¥OS JUEGA Y APRENDE CON TUTU Y SUS AM;;EDICIONES SM;2;17,90;8,95
9788413183237;BVB.159 COMO LE QUITE A PAPA EL MIEDO A;;EDICIONES SM;1;9,50;9,50
9788413184579;BVB.163 CARACOL SE QUEJA;;EDICIONES SM;1;9,50;9,50
9788413182889;LA MAGIA Y LOS MISTERIOS DE LOS ARBOLES;;EDICIONES SM;1;5,95;5,95
9788413181172;BVB. 45 LA ABUELITA AVENTURERA;;EDICIONES SM;1;9,50;9,50
9788413183947;POLICAN. 4 POLICAN Y CHIKIGATO;;EDICIONES SM;1;14,50;14,50
9788413189796;BVB.164 A CAPERUCITA LE DAN GATO POR LOB;;EDICIONES SM;1;9,50;9,50
9788413180076;NI¥OS AMABLES;;EDICIONES SM;2;11,90;5,95
9788413188997;MPLA.LOS VEHICULOS;;EDICIONES SM;2;11,90;5,95
9788491825265;BVB.133 EL DETECTIVE;;EDICIONES SM;1;9,50;9,50
9788491825494;BVB. 27 CAMILON,COMILON;;EDICIONES SM;1;9,50;9,50
9788491825289;BVB. 53 LA CENICIENTA REBELDE;;EDICIONES SM;1;9,50;9,50
9788491820246;POLICAN. 3 HISTORIA DE DOS MININOS;;EDICIONES SM;2;29,00;14,50
9788411204798;BVBTM. 4 EL CUMPLEA¥OS DE MIA;;EDICIONES SM;1;9,50;9,50
9788411206532;LAS PALABRAS QUE NOS GUARDAMOS;;EDICIONES SM;1;5,95;5,95
9788411204651;LA TIERRA EN 24 HORAS;;EDICIONES SM;1;5,95;5,95
9788411209786;POLICAN.11 VEINTE MIL PULGAS DE VIAJE SU;;EDICIONES SM;2;29,00;14,50
9788411201261;PYA.LA SIESTA DEL POLLO PEPE;;EDICIONES SM;1;16,95;16,95
9788413923758;BVB.168 DOS ARBOLES;;EDICIONES SM;1;9,50;9,50
9788413921914;BVB.167 CIEN VECES YO;;EDICIONES SM;1;9,50;9,50
9788413923611;MANUAL PARA SUPER FEMINISTAS;;EDICIONES SM;1;5,95;5,95
9788413923833;BVBTM. 2 LOS MUG,ATRAPADOS EN EL MOVIL;;EDICIONES SM;1;9,50;9,50
9788413921082;BVB.165 LA COSA MAS DELICIOSA;;EDICIONES SM;1;9,50;9,50
9788413922140;CARAMELO;;EDICIONES SM;1;10,95;10,95
9788413927336;POLICAN. 9 CRIMEN Y GATITO;;EDICIONES SM;2;29,00;14,50
9788413923604;POLICAN. 8 ATRAPA 22;;EDICIONES SM;3;43,50;14,50
9788413922850;BVB.169 CHISPA Y LA ESTRELLA AZUL;;EDICIONES SM;1;9,50;9,50
9788413922157;DESPACITO,CARAMELO;;EDICIONES SM;1;10,95;10,95
9788413924236;LA CASA EMBRUJADA;;EDICIONES SM;1;12,95;12,95
9788413922065;CUANDO SEA GRANDE;;EDICIONES SM;1;12,95;12,95
9788419102263;BVBPEP.6 AY,QUE DA¥O!;;EDICIONES SM;1;9,50;9,50
9788419102256;BVBPEP.3 Y DESPUES,¨QUE PASA?;;EDICIONES SM;1;9,50;9,50
9788419102195;POLICAN.10 MADRES BORRASCOSAS;;EDICIONES SM;2;29,00;14,50
9788411823944;POLICAN.12 EL PESTAZO ESCARLATA;;EDICIONES SM;1;14,50;14,50
9788419099884;BVB.174 ARROZ CON LOBO;;EDICIONES SM;1;9,50;9,50
9788413181233;LF.16 EL MISTERIO DE ULTIMO HOMBRE LOBO;;EDICIONES SM;2;25,90;12,95
9788413184449;LF.17 EL MISTERIO DE LAS BOTAS MAGICAS;;EDICIONES SM;2;25,90;12,95
9788413188423;LF.18 EL MISTERIO DE LA ISLA DEL VOLCAN;;EDICIONES SM;2;25,90;12,95
9788413921594;LF.19 EL MISTERIO DE LAS BRUJAS FUTBOLIS;;EDICIONES SM;1;12,95;12,95
9788413921952;LF.20 EL MISTERIO DE LA MASCARA DE ORO;;EDICIONES SM;2;25,90;12,95
9788413927329;LF.21 EL MISTERIO DEL CERRO DE LAS AGUIL;;EDICIONES SM;2;25,90;12,95
9788411206266;LF.22 EL MISTERIO DEL MUNDIAL EN AFRICA;;EDICIONES SM;2;25,90;12,95
9788498564914;LF.23 EL MISTERIO DE LA CASA ENCANTADA;;EDICIONES SM;2;25,90;12,95
9788411820363;LF.24 EL MISTERIO DEL RODAJE MAGICO;;EDICIONES SM;2;25,90;12,95
9788411823869;LF.25 EL MISTERIO DEL GOL DE ORO;;EDICIONES SM;2;25,90;12,95
9788411827539;LF.26 EL MISTERIO DE TIGER BLACK;;EDICIONES SM;2;25,90;12,95
9788411823234;PYA. EL POLLO PEPE Y EL COFRE DEL TESORO;;EDICIONES SM;1;16,95;16,95
9788491825173;CLA.ANTOLIGIA POETICA(DEL MODERNISMO A L;;EDICIONES SM;1;12,95;12,95
9788423366880;EL SECRETO DE MARCIAL (PREMIO NADAL 2025);;EDICIONES DESTINO;1;21,90;21,90
9788433017987;BIBLIA LATINOAMERICANA LETRA GRANDE;;DESCLÉE DE BROUWER;1;21,64;21,64
9788433014467;BIBLIA DE BOLSILLO MODELO 2;;DESCLÉE DE BROUWER;1;32,69;32,69
9788412122329;ELIZABETH AÚN JUEGA A LAS MUÑECAS;;HURÓN AZUL;4;64,00;16,00
9788494658983;ALAMAR, TE AMO;;HURÓN AZUL;3;48,00;16,00
9788420614281;1080 RECETAS DE COCINA;;ALIANZA EDITORIAL;1;5,00;5,00
9789504919834;CUALQUIERA PUEDE COCINAR;;TUSQUETS EDITORES;1;6,00;6,00
9788484180326;AROMA ÁRABE;;ZENDRERA ZARIQUIEY;1;7,00;7,00
9788489960817;EL LIBRO DE LA COCINA ÉTNICA;;TUSQUETS EDITORES;1;5,00;5,00
9780752514949;PASTA DISHES;;TUSQUETS EDITORES;1;4,00;4,00
9781473619487;;;TUSQUETS EDITORES;1;10,00;10,00
9788410044203;;;TUSQUETS EDITORES;1;7,00;7,00
9781607743576;;;TUSQUETS EDITORES;1;10,00;10,00
9780701172879;;;TUSQUETS EDITORES;1;9,00;9,00
9788496177208;;;TUSQUETS EDITORES;1;10,00;10,00
9780718159535;;;PENGUIN BOOKS LTD;1;12,00;12,00
9788467561357;;;EDICIONES SM;2;25,90;12,95
9788467590456;;;EDICIONES SM;4;51,80;12,95
9788411076135;;;TUSQUETS EDITORES;2;34,00;17,00
9798307467138;;;LEGADO FONTICIELLA;8;96,00;12,00
9788412931518;;;EDICIONES LASTARRIA Y DE;1;20,00;20,00
9788412492347;;;BARBARIE EDITORA;1;16,00;16,00
9788412983418;;;ADEL EDITORES;1;17,99;17,99
9788412899245;;;LA PARCERÍA EDITA;1;24,99;24,99
9788412814019;;;CALLA CANALLA;1;18,90;18,90
9788412899221;;;LA PARCERÍA EDITA;1;15,00;15,00
9788412663488;;;EDICIONES LASTARRIA & DE;1;20,00;20,00
9788408300885;;;TUSQUETS EDITORES;1;22,90;22,90
9788408302513;;;TUSQUETS EDITORES;1;23,90;23,90
9788423368266;;;EDICIONES DESTINO;1;22,90;22,90
9788408307976;;;TUSQUETS EDITORES;1;17,90;17,90
9788411076630;;;TUSQUETS EDITORES;1;22,90;22,90
9788411076708;;;TUSQUETS EDITORES;1;19,00;19,00
9780241771525;;;DK;3;29,85;9,95
9788411829434;;;EDICIONES SM;1;10,95;10,95
9788411829465;;;EDICIONES SM;2;25,90;12,95
9788411822923;;;EDICIONES SM;2;23,90;11,95
9788419102331;;;EDICIONES SM;1;11,95;11,95
9788419102324;;;EDICIONES SM;1;11,95;11,95
9788467582840;;;EDICIONES SM;1;12,95;12,95
9788411827652;;;EDICIONES SM;1;11,95;11,95
9788410550698;;;EDICIONES SM;1;10,95;10,95
9788410550100;;;EDICIONES SM;1;19,95;19,95
9788410550834;;;EDICIONES SM;1;19,95;19,95
9788413921419;;;EDICIONES SM;1;14,50;14,50
9788413922706;;;EDICIONES SM;1;14,50;14,50
9788419102317;;;EDICIONES SM;1;14,50;14,50
9788498569049;;;EDICIONES SM;1;14,50;14,50
9788411822954;;;EDICIONES SM;1;14,50;14,50
9788410551862;;;EDICIONES SM;2;25,90;12,95
9788410552067;;;EDICIONES SM;2;29,00;14,50
9788410550803;;;EDICIONES SM;1;12,95;12,95
9788413182124;;;EDICIONES SM;1;5,95;5,95
9788491820703;MPLT.LOS VEHICULOS;;EDICIONES SM;1;5,95;5,95
9788411207652;ANIMALES DEL BOSQUE;;EDICIONES SM;1;5,95;5,95
9788413181936;LAS ABEJAS;;EDICIONES SM;1;5,95;5,95
9788498569360;MPCP.DINOSAURIOS ANIMADOS;;EDICIONES SM;1;5,95;5,95
9788413922669;DN.UN DIA ESPECIAL PARA DINO NINO;;EDICIONES SM;1;5,95;5,95
9788467587722;LO QUE SABE LA LUNA;;EDICIONES SM;1;5,95;5,95
9788467537147;AGILMENTE ROJO;;EDICIONES SM;1;3,95;3,95
9788467537154;AGILMENTE NARANJA;;EDICIONES SM;1;3,95;3,95
9788467537161;AGILMENTE VERDE;;EDICIONES SM;1;3,95;3,95
9788467537178;AGILMENTE AZUL;;EDICIONES SM;1;3,95;3,95
9788467537277;AGILMENTE VIOLETA CLARO;;EDICIONES SM;1;3,95;3,95
9788467537284;AGILMENTE MARRON;;EDICIONES SM;1;3,95;3,95
9788467537307;AGILMENTE GRIS;;EDICIONES SM;1;3,95;3,95
9788467592146;SUPE.DE VIAJE POR EL MUNDO;;EDICIONES SM;1;5,95;5,95
9788491073109;SUPE.¨SABES POR QUE...?;;EDICIONES SM;1;5,95;5,95
9788491820765;SUPE.ANIMALES DE RECORD;;EDICIONES SM;1;5,95;5,95
9788491820772;SUPE.RECORDS DEL MUNDO;;EDICIONES SM;2;11,90;5,95
9788413184708;SUPE.LA MITOLOGIA GRIEGA;;EDICIONES SM;1;5,95;5,95
9788413189888;SUPE.MUSICA Y SONIDOS DEL MUNDO;;EDICIONES SM;1;5,95;5,95
9788491073093;SUPE.EL CUERPO HUMANO;;EDICIONES SM;2;11,90;5,95
9788491073079;SUPE.DINOSAURIOS;;EDICIONES SM;3;17,85;5,95
9789200040580;PLANTAS QUE CURAN;;LAURA TEDESCO;1;6,00;6,00
9789200040603;TODOS A COCINAR;;LAURA TEDESCO;8;48,00;6,00
9788410552425;HDC.MOA, LA BOA;;EDICIONES SM;1;12,95;12,95
9788410553842;LF.29 EL MISTERIO DEL CORNER MAS LARGO;;EDICIONES SM;2;25,90;12,95
9788411829625;LYL.UN DIA CON LOLA Y LOLO;;EDICIONES SM;1;13,95;13,95
9788410555334;MOZ.10 UNA MASCOTA PERFECTA;;EDICIONES SM;1;10,95;10,95
9789200041440;LETRAS LIBRES;;LETRAS LIBRES;1;5,00;5,00
9788410552876;ANP.ANTON PI¥ON,SEIS CAPIBARAS Y UNA INV;;EDICIONES SM;2;23,90;11,95
9788411823227;ANP.EN BUSCA DE COLCHON;;EDICIONES SM;2;23,90;11,95
9789200042478;LETRAS LIBRES;;LETRAS LIBRES;3;15,00;5,00
9788411827430;CLA.LA PLAZA DEL DIAMANTE;;EDICIONES SM;1;12,95;12,95
9788411820219;ANP.EN EL CAMPING EL GRAN FOGON;;EDICIONES SM;1;11,95;11,95
